date;close
2000-01-03;150.78
2000-01-04;150.61
2000-01-05;151.62
2000-01-06;153.97
2000-01-07;153.65
2000-01-10;153.33
2000-01-11;155.79
2000-01-12;157.02
2000-01-13;156.33
2000-01-14;157.21
2000-01-17;156.52
2000-01-18;155.83
2000-01-19;156.25
2000-01-20;153.3
2000-01-21;150.69
2000-01-24;149.88
2000-01-25;148.4
2000-01-26;148.91
2000-01-27;147.59
2000-01-28;145.54
2000-01-31;147.71
2000-02-01;147.42
2000-02-02;147.55
2000-02-03;145.49
2000-02-04;144.73
2000-02-07;144.93
2000-02-08;143.3
2000-02-09;143.87
2000-02-10;143.04
2000-02-11;142.66
2000-02-14;141.84
2000-02-15;144.5
2000-02-16;144.52
2000-02-17;143.03
2000-02-18;144.24
2000-02-21;142.51
2000-02-22;142.85
2000-02-23;140.08
2000-02-24;138.26
2000-02-25;138.56
2000-02-28;139.62
2000-02-29;139.9
2000-03-01;139.77
2000-03-02;139.38
2000-03-03;137.36
2000-03-06;136.4
2000-03-07;135.81
2000-03-08;137.28
2000-03-09;137.78
2000-03-10;135.39
2000-03-13;135.86
2000-03-14;135.37
2000-03-15;134.49
2000-03-16;135.35
2000-03-17;136.78
2000-03-20;138.08
2000-03-21;136.96
2000-03-22;136.57
2000-03-23;137.06
2000-03-24;138.43
2000-03-27;137.8
2000-03-28;137.58
2000-03-29;136.09
2000-03-30;134.5
2000-03-31;135.62
2000-04-03;137.5
2000-04-04;137.43
2000-04-05;138.85
2000-04-06;139.38
2000-04-07;138.52
2000-04-10;139.05
2000-04-11;141.23
2000-04-12;141.21
2000-04-13;143.46
2000-04-14;139.73
2000-04-17;140.92
2000-04-18;141.07
2000-04-19;140.69
2000-04-20;140.85
2000-04-21;138.09
2000-04-24;137.82
2000-04-25;138.35
2000-04-26;140.42
2000-04-27;139.73
2000-04-28;138.64
2000-05-01;137.98
2000-05-02;139.27
2000-05-03;139.77
2000-05-04;139.06
2000-05-05;139.81
2000-05-08;139.98
2000-05-09;141.37
2000-05-10;140.41
2000-05-11;139.99
2000-05-12;139.48
2000-05-15;137.47
2000-05-16;137.91
2000-05-17;138.3
2000-05-18;138.35
2000-05-19;138.06
2000-05-22;136.14
2000-05-23;135.6
2000-05-24;135.17
2000-05-25;134.12
2000-05-26;133.93
2000-05-29;134.51
2000-05-30;137.08
2000-05-31;137.35
2000-06-01;137.74
2000-06-02;137.67
2000-06-05;135.07
2000-06-06;135.06
2000-06-07;135.18
2000-06-08;138.54
2000-06-09;138.31
2000-06-12;138.76
2000-06-13;138.75
2000-06-14;137.16
2000-06-15;138.76
2000-06-16;139.84
2000-06-19;140.98
2000-06-20;139.74
2000-06-21;141.73
2000-06-22;139.78
2000-06-23;140.64
2000-06-26;143.75
2000-06-27;142.36
2000-06-28;141.59
2000-06-29;141.77
2000-06-30;141.09
2000-07-03;138.94
2000-07-04;139.07
2000-07-05;137.63
2000-07-06;138.31
2000-07-07;137.07
2000-07-10;139.23
2000-07-11;138.18
2000-07-12;137.77
2000-07-13;138.92
2000-07-14;137.25
2000-07-17;137.59
2000-07-18;139.43
2000-07-19;137.22
2000-07-20;137.51
2000-07-21;137.9
2000-07-24;139.01
2000-07-25;137.33
2000-07-26;135.55
2000-07-27;136.29
2000-07-28;136.73
2000-07-31;137.11
2000-08-01;137.61
2000-08-02;136.71
2000-08-03;137.06
2000-08-04;137.5
2000-08-07;136.55
2000-08-08;139.13
2000-08-09;139.83
2000-08-10;138.2
2000-08-11;139.14
2000-08-14;137.82
2000-08-15;138.94
2000-08-16;140.58
2000-08-17;139.46
2000-08-18;140.84
2000-08-21;141.46
2000-08-22;142.66
2000-08-23;145.4
2000-08-24;145.08
2000-08-25;144.02
2000-08-28;142.78
2000-08-29;141.65
2000-08-30;141.57
2000-08-31;142.09
2000-09-01;142.52
2000-09-04;143.73
2000-09-05;143.79
2000-09-06;145.92
2000-09-07;145.57
2000-09-08;149.56
2000-09-11;150.53
2000-09-12;149.28
2000-09-13;147.72
2000-09-14;148.47
2000-09-15;148.18
2000-09-18;149.27
2000-09-19;150.01
2000-09-20;149.94
2000-09-21;148.71
2000-09-22;146.49
2000-09-25;145.88
2000-09-26;147.16
2000-09-27;147.51
2000-09-28;145.71
2000-09-29;146.0
2000-10-02;146.6
2000-10-03;145.34
2000-10-04;145.6
2000-10-05;145.72
2000-10-06;144.09
2000-10-09;144.65
2000-10-10;145.49
2000-10-11;147.11
2000-10-12;148.69
2000-10-13;146.68
2000-10-16;145.34
2000-10-17;146.13
2000-10-18;146.91
2000-10-19;147.71
2000-10-20;153.44
2000-10-23;154.35
2000-10-24;156.14
2000-10-25;157.67
2000-10-26;158.74
2000-10-27;158.28
2000-10-30;159.52
2000-10-31;158.32
2000-11-01;157.99
2000-11-02;157.26
2000-11-03;157.43
2000-11-06;161.11
2000-11-07;158.14
2000-11-08;159.27
2000-11-09;156.74
2000-11-10;156.04
2000-11-13;157.78
2000-11-14;157.92
2000-11-15;156.26
2000-11-16;155.18
2000-11-17;156.27
2000-11-20;155.17
2000-11-21;155.54
2000-11-22;155.65
2000-11-23;154.68
2000-11-24;158.03
2000-11-27;159.07
2000-11-28;155.89
2000-11-29;156.22
2000-11-30;155.23
2000-12-01;156.59
2000-12-04;155.39
2000-12-05;155.25
2000-12-06;156.07
2000-12-07;157.46
2000-12-08;155.61
2000-12-11;155.13
2000-12-12;154.43
2000-12-13;153.46
2000-12-14;156.21
2000-12-15;156.88
2000-12-18;154.94
2000-12-19;156.4
2000-12-20;159.76
2000-12-21;161.45
2000-12-22;159.04
2000-12-25;158.31
2000-12-26;160.35
2000-12-27;159.26
2000-12-28;160.0
2000-12-29;161.28
2001-01-01;159.83
2001-01-02;159.77
2001-01-03;154.63
2001-01-04;153.09
2001-01-05;152.74
2001-01-08;150.87
2001-01-09;153.37
2001-01-10;151.22
2001-01-11;150.59
2001-01-12;150.83
2001-01-15;153.04
2001-01-16;150.88
2001-01-17;152.67
2001-01-18;152.72
2001-01-19;151.26
2001-01-22;152.0
2001-01-23;152.34
2001-01-24;151.46
2001-01-25;151.61
2001-01-26;151.06
2001-01-29;151.27
2001-01-30;152.31
2001-01-31;154.76
2001-02-01;152.89
2001-02-02;156.19
2001-02-05;153.18
2001-02-06;152.98
2001-02-07;153.92
2001-02-08;154.39
2001-02-09;153.47
2001-02-12;153.19
2001-02-13;152.47
2001-02-14;151.61
2001-02-15;152.94
2001-02-16;153.52
2001-02-19;152.5
2001-02-20;153.91
2001-02-21;154.42
2001-02-22;155.71
2001-02-23;156.73
2001-02-26;155.47
2001-02-27;154.64
2001-02-28;155.83
2001-03-01;156.82
2001-03-02;156.83
2001-03-05;157.05
2001-03-06;159.1
2001-03-07;158.2
2001-03-08;159.1
2001-03-09;158.82
2001-03-12;158.51
2001-03-13;160.29
2001-03-14;161.66
2001-03-15;163.01
2001-03-16;165.18
2001-03-19;165.26
2001-03-20;166.43
2001-03-21;165.95
2001-03-22;166.53
2001-03-23;166.36
2001-03-26;166.56
2001-03-27;167.59
2001-03-28;166.26
2001-03-29;169.78
2001-03-30;168.12
2001-04-02;166.12
2001-04-03;168.08
2001-04-04;169.46
2001-04-05;170.56
2001-04-06;171.67
2001-04-09;171.69
2001-04-10;170.19
2001-04-11;170.37
2001-04-12;169.26
2001-04-13;170.95
2001-04-16;170.74
2001-04-17;169.37
2001-04-18;168.87
2001-04-19;169.61
2001-04-20;168.7
2001-04-23;167.35
2001-04-24;167.8
2001-04-25;168.25
2001-04-26;167.44
2001-04-27;166.7
2001-04-30;167.12
2001-05-01;164.75
2001-05-02;162.47
2001-05-03;161.34
2001-05-04;161.04
2001-05-07;161.58
2001-05-08;164.0
2001-05-09;165.45
2001-05-10;165.23
2001-05-11;165.24
2001-05-14;163.62
2001-05-15;163.63
2001-05-16;163.2
2001-05-17;163.77
2001-05-18;162.46
2001-05-21;163.34
2001-05-22;165.88
2001-05-23;165.74
2001-05-24;166.45
2001-05-25;167.64
2001-05-28;167.01
2001-05-29;167.43
2001-05-30;167.49
2001-05-31;167.7
2001-06-01;166.44
2001-06-04;166.52
2001-06-05;167.4
2001-06-06;169.87
2001-06-07;171.54
2001-06-08;175.27
2001-06-11;173.97
2001-06-12;175.53
2001-06-13;175.9
2001-06-14;179.8
2001-06-15;178.39
2001-06-18;176.93
2001-06-19;175.92
2001-06-20;172.23
2001-06-21;171.36
2001-06-22;170.11
2001-06-25;170.4
2001-06-26;171.03
2001-06-27;174.28
2001-06-28;175.98
2001-06-29;175.01
2001-07-02;173.48
2001-07-03;174.38
2001-07-04;172.12
2001-07-05;175.31
2001-07-06;177.43
2001-07-09;176.64
2001-07-10;173.66
2001-07-11;176.05
2001-07-12;175.89
2001-07-13;178.11
2001-07-16;175.32
2001-07-17;174.31
2001-07-18;174.36
2001-07-19;174.49
2001-07-20;173.75
2001-07-23;174.87
2001-07-24;173.05
2001-07-25;172.85
2001-07-26;173.1
2001-07-27;174.03
2001-07-30;175.31
2001-07-31;173.39
2001-08-01;170.77
2001-08-02;172.99
2001-08-03;173.61
2001-08-06;172.36
2001-08-07;175.07
2001-08-08;175.32
2001-08-09;177.43
2001-08-10;177.59
2001-08-13;181.3
2001-08-14;184.53
2001-08-15;184.11
2001-08-16;185.95
2001-08-17;187.19
2001-08-20;189.8
2001-08-21;188.02
2001-08-22;189.36
2001-08-23;191.41
2001-08-24;188.09
2001-08-27;185.91
2001-08-28;182.17
2001-08-29;181.72
2001-08-30;183.07
2001-08-31;185.87
2001-09-03;186.05
2001-09-04;189.13
2001-09-05;186.56
2001-09-06;183.43
2001-09-07;183.38
2001-09-10;184.13
2001-09-11;184.11
2001-09-12;180.35
2001-09-13;180.24
2001-09-14;177.93
2001-09-17;179.17
2001-09-18;179.87
2001-09-19;178.22
2001-09-20;177.35
2001-09-21;175.52
2001-09-24;175.45
2001-09-25;177.17
2001-09-26;175.47
2001-09-27;176.4
2001-09-28;175.51
2001-10-01;174.16
2001-10-02;174.02
2001-10-03;172.26
2001-10-04;171.35
2001-10-05;169.34
2001-10-08;172.71
2001-10-09;172.81
2001-10-10;171.64
2001-10-11;172.05
2001-10-12;171.9
2001-10-15;171.57
2001-10-16;172.66
2001-10-17;174.02
2001-10-18;173.14
2001-10-19;172.18
2001-10-22;171.75
2001-10-23;167.84
2001-10-24;165.34
2001-10-25;167.64
2001-10-26;170.44
2001-10-29;170.06
2001-10-30;171.08
2001-10-31;171.66
2001-11-01;176.98
2001-11-02;179.01
2001-11-05;178.83
2001-11-06;177.16
2001-11-07;174.36
2001-11-08;174.76
2001-11-09;173.48
2001-11-12;171.06
2001-11-13;169.99
2001-11-14;168.2
2001-11-15;171.08
2001-11-16;172.63
2001-11-19;172.66
2001-11-20;175.26
2001-11-21;175.44
2001-11-22;173.97
2001-11-23;176.66
2001-11-26;177.66
2001-11-27;175.86
2001-11-28;175.57
2001-11-29;174.08
2001-11-30;171.71
2001-12-03;173.34
2001-12-04;176.7
2001-12-05;174.27
2001-12-06;175.3
2001-12-07;174.2
2001-12-10;173.39
2001-12-11;172.41
2001-12-12;170.96
2001-12-13;171.09
2001-12-14;169.71
2001-12-17;170.21
2001-12-18;170.17
2001-12-19;169.8
2001-12-20;168.31
2001-12-21;167.38
2001-12-24;168.68
2001-12-25;169.57
2001-12-26;167.96
2001-12-27;168.16
2001-12-28;169.47
2001-12-31;166.68
2002-01-01;167.63
2002-01-02;166.56
2002-01-03;167.55
2002-01-04;166.32
2002-01-07;163.36
2002-01-08;160.74
2002-01-09;160.86
2002-01-10;161.31
2002-01-11;159.9
2002-01-14;160.96
2002-01-15;158.32
2002-01-16;158.26
2002-01-17;156.38
2002-01-18;155.4
2002-01-21;155.51
2002-01-22;154.21
2002-01-23;153.66
2002-01-24;155.24
2002-01-25;154.39
2002-01-28;155.72
2002-01-29;154.0
2002-01-30;154.85
2002-01-31;157.12
2002-02-01;153.28
2002-02-04;152.09
2002-02-05;153.01
2002-02-06;152.74
2002-02-07;153.34
2002-02-08;152.45
2002-02-11;152.62
2002-02-12;152.42
2002-02-13;154.24
2002-02-14;154.67
2002-02-15;155.23
2002-02-18;154.63
2002-02-19;153.92
2002-02-20;153.29
2002-02-21;153.93
2002-02-22;153.33
2002-02-25;153.81
2002-02-26;157.04
2002-02-27;158.45
2002-02-28;157.97
2002-03-01;159.91
2002-03-04;159.29
2002-03-05;156.09
2002-03-06;154.55
2002-03-07;151.7
2002-03-08;151.2
2002-03-11;151.27
2002-03-12;153.84
2002-03-13;154.38
2002-03-14;154.09
2002-03-15;155.4
2002-03-18;152.0
2002-03-19;152.4
2002-03-20;153.61
2002-03-21;151.38
2002-03-22;153.15
2002-03-25;153.71
2002-03-26;153.11
2002-03-27;154.11
2002-03-28;157.65
2002-03-29;157.98
2002-04-01;158.41
2002-04-02;157.72
2002-04-03;156.42
2002-04-04;157.76
2002-04-05;156.45
2002-04-08;156.6
2002-04-09;155.89
2002-04-10;156.67
2002-04-11;157.24
2002-04-12;158.91
2002-04-15;158.14
2002-04-16;157.75
2002-04-17;156.25
2002-04-18;155.59
2002-04-19;156.22
2002-04-22;157.44
2002-04-23;156.02
2002-04-24;157.42
2002-04-25;159.59
2002-04-26;160.29
2002-04-29;163.34
2002-04-30;162.12
2002-05-01;160.14
2002-05-02;157.33
2002-05-03;159.73
2002-05-06;160.81
2002-05-07;160.76
2002-05-08;161.25
2002-05-09;159.48
2002-05-10;163.42
2002-05-13;163.67
2002-05-14;163.89
2002-05-15;165.12
2002-05-16;165.96
2002-05-17;166.37
2002-05-20;165.1
2002-05-21;165.92
2002-05-22;169.08
2002-05-23;171.4
2002-05-24;174.17
2002-05-27;173.32
2002-05-28;171.65
2002-05-29;171.48
2002-05-30;171.62
2002-05-31;173.54
2002-06-03;170.64
2002-06-04;173.3
2002-06-05;173.07
2002-06-06;172.37
2002-06-07;170.67
2002-06-10;167.89
2002-06-11;169.31
2002-06-12;169.48
2002-06-13;167.33
2002-06-14;165.21
2002-06-17;164.7
2002-06-18;167.49
2002-06-19;167.09
2002-06-20;164.62
2002-06-21;164.26
2002-06-24;163.85
2002-06-25;159.47
2002-06-26;159.43
2002-06-27;159.1
2002-06-28;160.25
2002-07-01;163.25
2002-07-02;165.13
2002-07-03;164.73
2002-07-04;162.95
2002-07-05;167.18
2002-07-08;167.32
2002-07-09;167.39
2002-07-10;167.39
2002-07-11;167.76
2002-07-12;167.56
2002-07-15;166.64
2002-07-16;165.77
2002-07-17;165.76
2002-07-18;164.9
2002-07-19;163.76
2002-07-22;163.98
2002-07-23;163.6
2002-07-24;166.1
2002-07-25;161.74
2002-07-26;163.55
2002-07-29;165.63
2002-07-30;162.23
2002-07-31;161.72
2002-08-01;161.16
2002-08-02;158.93
2002-08-05;157.73
2002-08-06;156.02
2002-08-07;158.79
2002-08-08;160.32
2002-08-09;162.4
2002-08-12;163.61
2002-08-13;161.81
2002-08-14;161.0
2002-08-15;161.83
2002-08-16;159.89
2002-08-19;161.07
2002-08-20;160.72
2002-08-21;160.16
2002-08-22;161.34
2002-08-23;162.09
2002-08-26;161.55
2002-08-27;163.46
2002-08-28;161.74
2002-08-29;162.77
2002-08-30;163.78
2002-09-02;163.31
2002-09-03;163.89
2002-09-04;161.88
2002-09-05;163.41
2002-09-06;163.15
2002-09-09;162.34
2002-09-10;164.08
2002-09-11;162.97
2002-09-12;160.71
2002-09-13;158.25
2002-09-16;159.25
2002-09-17;157.25
2002-09-18;160.05
2002-09-19;156.76
2002-09-20;159.46
2002-09-23;159.83
2002-09-24;159.72
2002-09-25;158.89
2002-09-26;159.56
2002-09-27;159.54
2002-09-30;161.34
2002-10-01;161.57
2002-10-02;161.85
2002-10-03;161.3
2002-10-04;161.25
2002-10-07;161.79
2002-10-08;159.06
2002-10-09;156.96
2002-10-10;158.16
2002-10-11;158.47
2002-10-14;158.22
2002-10-15;158.29
2002-10-16;158.88
2002-10-17;158.06
2002-10-18;156.87
2002-10-21;157.22
2002-10-22;155.72
2002-10-23;156.39
2002-10-24;153.77
2002-10-25;155.39
2002-10-28;156.16
2002-10-29;156.6
2002-10-30;158.18
2002-10-31;160.85
2002-11-01;162.53
2002-11-04;159.57
2002-11-05;157.57
2002-11-06;156.63
2002-11-07;156.71
2002-11-08;157.56
2002-11-11;156.45
2002-11-12;156.79
2002-11-13;155.64
2002-11-14;154.73
2002-11-15;152.59
2002-11-18;151.22
2002-11-19;149.21
2002-11-20;147.79
2002-11-21;149.39
2002-11-22;148.01
2002-11-25;151.94
2002-11-26;152.73
2002-11-27;153.05
2002-11-28;151.77
2002-11-29;152.87
2002-12-02;152.03
2002-12-03;152.26
2002-12-04;156.19
2002-12-05;156.08
2002-12-06;157.91
2002-12-09;156.84
2002-12-10;156.83
2002-12-11;159.64
2002-12-12;158.68
2002-12-13;161.6
2002-12-16;162.78
2002-12-17;161.91
2002-12-18;162.97
2002-12-19;164.6
2002-12-20;165.66
2002-12-23;163.1
2002-12-24;161.96
2002-12-25;161.6
2002-12-26;161.52
2002-12-27;162.56
2002-12-30;162.89
2002-12-31;160.75
2003-01-01;161.41
2003-01-02;162.43
2003-01-03;163.38
2003-01-06;165.19
2003-01-07;166.61
2003-01-08;167.41
2003-01-09;167.34
2003-01-10;164.6
2003-01-13;165.35
2003-01-14;165.73
2003-01-15;166.22
2003-01-16;164.14
2003-01-17;162.41
2003-01-20;164.16
2003-01-21;164.14
2003-01-22;165.3
2003-01-23;165.39
2003-01-24;165.48
2003-01-27;167.07
2003-01-28;166.25
2003-01-29;166.45
2003-01-30;165.72
2003-01-31;165.04
2003-02-03;164.58
2003-02-04;164.98
2003-02-05;164.23
2003-02-06;166.34
2003-02-07;164.89
2003-02-10;164.62
2003-02-11;163.94
2003-02-12;166.35
2003-02-13;166.72
2003-02-14;168.48
2003-02-17;166.02
2003-02-18;166.51
2003-02-19;168.03
2003-02-20;168.21
2003-02-21;170.05
2003-02-24;169.21
2003-02-25;171.64
2003-02-26;175.62
2003-02-27;175.03
2003-02-28;174.3
2003-03-03;176.87
2003-03-04;179.71
2003-03-05;178.82
2003-03-06;178.11
2003-03-07;177.65
2003-03-10;175.31
2003-03-11;173.74
2003-03-12;172.04
2003-03-13;170.76
2003-03-14;170.75
2003-03-17;171.19
2003-03-18;173.88
2003-03-19;172.19
2003-03-20;173.93
2003-03-21;173.6
2003-03-24;173.56
2003-03-25;174.77
2003-03-26;172.86
2003-03-27;173.56
2003-03-28;173.89
2003-03-31;174.79
2003-04-01;175.34
2003-04-02;179.69
2003-04-03;178.59
2003-04-04;177.69
2003-04-07;176.62
2003-04-08;175.69
2003-04-09;174.61
2003-04-10;176.73
2003-04-11;179.28
2003-04-14;178.31
2003-04-15;176.87
2003-04-16;177.74
2003-04-17;176.81
2003-04-18;177.97
2003-04-21;178.38
2003-04-22;175.72
2003-04-23;178.48
2003-04-24;181.73
2003-04-25;180.66
2003-04-28;180.01
2003-04-29;180.57
2003-04-30;181.21
2003-05-01;182.45
2003-05-02;186.17
2003-05-05;185.88
2003-05-06;184.45
2003-05-07;181.95
2003-05-08;180.66
2003-05-09;180.65
2003-05-12;183.94
2003-05-13;183.03
2003-05-14;183.49
2003-05-15;183.5
2003-05-16;185.73
2003-05-19;190.47
2003-05-20;189.5
2003-05-21;188.62
2003-05-22;190.64
2003-05-23;191.99
2003-05-26;195.58
2003-05-27;196.77
2003-05-28;196.11
2003-05-29;197.32
2003-05-30;199.56
2003-06-02;201.25
2003-06-03;202.32
2003-06-04;204.53
2003-06-05;206.97
2003-06-06;209.88
2003-06-09;211.3
2003-06-10;211.0
2003-06-11;211.36
2003-06-12;213.96
2003-06-13;212.27
2003-06-16;213.1
2003-06-17;212.32
2003-06-18;212.43
2003-06-19;215.2
2003-06-20;215.66
2003-06-23;215.82
2003-06-24;212.94
2003-06-25;214.58
2003-06-26;216.02
2003-06-27;220.75
2003-06-30;220.12
2003-07-01;220.66
2003-07-02;221.26
2003-07-03;224.81
2003-07-04;224.65
2003-07-07;225.34
2003-07-08;226.76
2003-07-09;227.24
2003-07-10;226.28
2003-07-11;226.78
2003-07-14;229.27
2003-07-15;226.97
2003-07-16;227.33
2003-07-17;225.8
2003-07-18;228.55
2003-07-21;225.13
2003-07-22;223.93
2003-07-23;224.83
2003-07-24;228.4
2003-07-25;228.31
2003-07-28;227.1
2003-07-29;231.43
2003-07-30;228.14
2003-07-31;223.18
2003-08-01;224.21
2003-08-04;223.14
2003-08-05;220.92
2003-08-06;222.54
2003-08-07;223.14
2003-08-08;221.94
2003-08-11;219.15
2003-08-12;221.12
2003-08-13;222.61
2003-08-14;222.45
2003-08-15;226.61
2003-08-18;224.24
2003-08-19;220.88
2003-08-20;219.4
2003-08-21;219.36
2003-08-22;219.95
2003-08-25;219.47
2003-08-26;220.3
2003-08-27;217.6
2003-08-28;220.79
2003-08-29;220.67
2003-09-01;223.19
2003-09-02;224.01
2003-09-03;225.09
2003-09-04;226.43
2003-09-05;227.5
2003-09-08;229.01
2003-09-09;232.12
2003-09-10;232.63
2003-09-11;234.34
2003-09-12;234.19
2003-09-15;237.62
2003-09-16;236.07
2003-09-17;240.38
2003-09-18;240.34
2003-09-19;236.96
2003-09-22;237.33
2003-09-23;235.77
2003-09-24;237.81
2003-09-25;236.32
2003-09-26;235.32
2003-09-29;230.94
2003-09-30;229.95
2003-10-01;224.43
2003-10-02;220.93
2003-10-03;222.67
2003-10-06;224.47
2003-10-07;225.49
2003-10-08;223.36
2003-10-09;223.31
2003-10-10;223.36
2003-10-13;220.83
2003-10-14;224.2
2003-10-15;226.23
2003-10-16;225.78
2003-10-17;225.9
2003-10-20;226.43
2003-10-21;221.86
2003-10-22;221.37
2003-10-23;219.91
2003-10-24;217.77
2003-10-27;217.21
2003-10-28;221.17
2003-10-29;222.64
2003-10-30;221.42
2003-10-31;222.75
2003-11-03;225.92
2003-11-04;228.06
2003-11-05;228.26
2003-11-06;226.84
2003-11-07;228.48
2003-11-10;229.43
2003-11-11;231.55
2003-11-12;233.07
2003-11-13;235.58
2003-11-14;234.38
2003-11-17;237.52
2003-11-18;238.05
2003-11-19;243.05
2003-11-20;241.44
2003-11-21;245.69
2003-11-24;246.24
2003-11-25;244.69
2003-11-26;243.57
2003-11-27;242.85
2003-11-28;243.94
2003-12-01;245.28
2003-12-02;243.93
2003-12-03;243.93
2003-12-04;249.22
2003-12-05;253.59
2003-12-08;254.76
2003-12-09;254.92
2003-12-10;255.29
2003-12-11;256.92
2003-12-12;254.36
2003-12-15;253.76
2003-12-16;249.59
2003-12-17;250.65
2003-12-18;252.34
2003-12-19;251.18
2003-12-22;255.2
2003-12-23;252.13
2003-12-24;248.5
2003-12-25;249.12
2003-12-26;251.8
2003-12-29;256.1
2003-12-30;254.99
2003-12-31;257.8
2004-01-01;257.77
2004-01-02;257.39
2004-01-05;259.72
2004-01-06;261.48
2004-01-07;257.43
2004-01-08;261.29
2004-01-09;264.96
2004-01-12;263.37
2004-01-13;264.48
2004-01-14;265.85
2004-01-15;266.61
2004-01-16;265.21
2004-01-19;263.5
2004-01-20;263.5
2004-01-21;266.65
2004-01-22;268.17
2004-01-23;267.24
2004-01-26;269.37
2004-01-27;261.76
2004-01-28;264.84
2004-01-29;260.3
2004-01-30;259.42
2004-02-02;256.58
2004-02-03;253.32
2004-02-04;256.32
2004-02-05;255.19
2004-02-06;256.14
2004-02-09;256.08
2004-02-10;257.37
2004-02-11;257.63
2004-02-12;254.39
2004-02-13;256.99
2004-02-16;255.78
2004-02-17;251.86
2004-02-18;250.85
2004-02-19;254.68
2004-02-20;256.91
2004-02-23;256.07
2004-02-24;255.24
2004-02-25;254.49
2004-02-26;259.83
2004-02-27;260.89
2004-03-01;262.08
2004-03-02;264.85
2004-03-03;265.54
2004-03-04;264.92
2004-03-05;264.47
2004-03-08;264.35
2004-03-09;264.31
2004-03-10;266.3
2004-03-11;266.51
2004-03-12;268.53
2004-03-15;268.38
2004-03-16;268.65
2004-03-17;263.35
2004-03-18;265.83
2004-03-19;266.82
2004-03-22;269.55
2004-03-23;261.81
2004-03-24;267.34
2004-03-25;267.04
2004-03-26;270.06
2004-03-29;267.32
2004-03-30;269.03
2004-03-31;266.26
2004-04-01;264.67
2004-04-02;269.8
2004-04-05;269.35
2004-04-06;270.0
2004-04-07;272.42
2004-04-08;273.84
2004-04-09;274.32
2004-04-12;275.39
2004-04-13;282.08
2004-04-14;281.98
2004-04-15;282.62
2004-04-16;285.66
2004-04-19;288.89
2004-04-20;292.39
2004-04-21;294.33
2004-04-22;291.04
2004-04-23;295.87
2004-04-26;292.55
2004-04-27;293.51
2004-04-28;291.37
2004-04-29;291.26
2004-04-30;292.29
2004-05-03;293.3
2004-05-04;294.61
2004-05-05;299.44
2004-05-06;300.87
2004-05-07;300.21
2004-05-10;303.18
2004-05-11;306.86
2004-05-12;303.17
2004-05-13;305.06
2004-05-14;307.27
2004-05-17;306.44
2004-05-18;310.73
2004-05-19;310.34
2004-05-20;310.81
2004-05-21;310.35
2004-05-24;310.47
2004-05-25;307.15
2004-05-26;302.8
2004-05-27;307.71
2004-05-28;305.18
2004-05-31;302.23
2004-06-01;295.79
2004-06-02;293.98
2004-06-03;290.16
2004-06-04;295.0
2004-06-07;298.05
2004-06-08;296.08
2004-06-09;302.82
2004-06-10;305.87
2004-06-11;304.95
2004-06-14;297.4
2004-06-15;304.29
2004-06-16;300.14
2004-06-17;295.28
2004-06-18;298.37
2004-06-21;305.72
2004-06-22;310.03
2004-06-23;311.86
2004-06-24;313.79
2004-06-25;316.55
2004-06-28;319.03
2004-06-29;320.01
2004-06-30;320.42
2004-07-01;320.3
2004-07-02;317.96
2004-07-05;317.15
2004-07-06;311.86
2004-07-07;311.63
2004-07-08;308.63
2004-07-09;305.3
2004-07-12;305.93
2004-07-13;310.26
2004-07-14;313.19
2004-07-15;308.35
2004-07-16;305.37
2004-07-19;308.32
2004-07-20;305.37
2004-07-21;304.76
2004-07-22;306.51
2004-07-23;303.62
2004-07-26;304.02
2004-07-27;300.04
2004-07-28;298.31
2004-07-29;299.34
2004-07-30;294.64
2004-08-02;296.01
2004-08-03;296.03
2004-08-04;297.74
2004-08-05;298.48
2004-08-06;302.63
2004-08-09;303.08
2004-08-10;301.86
2004-08-11;302.3
2004-08-12;304.02
2004-08-13;304.24
2004-08-16;304.44
2004-08-17;302.38
2004-08-18;300.45
2004-08-19;296.31
2004-08-20;301.57
2004-08-23;297.9
2004-08-24;295.91
2004-08-25;293.85
2004-08-26;296.56
2004-08-27;295.76
2004-08-30;299.52
2004-08-31;297.58
2004-09-01;298.48
2004-09-02;296.07
2004-09-03;302.49
2004-09-06;298.97
2004-09-07;299.97
2004-09-08;301.95
2004-09-09;303.28
2004-09-10;302.79
2004-09-13;302.47
2004-09-14;302.68
2004-09-15;302.31
2004-09-16;305.3
2004-09-17;312.13
2004-09-20;310.46
2004-09-21;306.29
2004-09-22;306.09
2004-09-23;314.07
2004-09-24;311.62
2004-09-27;316.81
2004-09-28;322.2
2004-09-29;320.5
2004-09-30;322.4
2004-10-01;327.73
2004-10-04;326.57
2004-10-05;325.99
2004-10-06;324.17
2004-10-07;320.97
2004-10-08;318.96
2004-10-11;315.14
2004-10-12;315.32
2004-10-13;312.98
2004-10-14;313.79
2004-10-15;308.98
2004-10-18;310.08
2004-10-19;312.74
2004-10-20;306.59
2004-10-21;307.81
2004-10-22;311.67
2004-10-25;307.97
2004-10-26;313.2
2004-10-27;314.59
2004-10-28;312.45
2004-10-29;312.36
2004-11-01;314.18
2004-11-02;314.5
2004-11-03;316.27
2004-11-04;313.44
2004-11-05;314.05
2004-11-08;309.68
2004-11-09;309.42
2004-11-10;306.7
2004-11-11;304.52
2004-11-12;308.36
2004-11-15;311.8
2004-11-16;313.78
2004-11-17;310.43
2004-11-18;309.52
2004-11-19;313.36
2004-11-22;313.88
2004-11-23;321.24
2004-11-24;322.58
2004-11-25;323.28
2004-11-26;322.36
2004-11-29;322.87
2004-11-30;322.46
2004-12-01;324.83
2004-12-02;328.02
2004-12-03;325.52
2004-12-06;321.27
2004-12-07;315.45
2004-12-08;317.13
2004-12-09;313.71
2004-12-10;307.03
2004-12-13;308.3
2004-12-14;316.07
2004-12-15;316.13
2004-12-16;318.86
2004-12-17;319.2
2004-12-20;318.96
2004-12-21;321.97
2004-12-22;321.12
2004-12-23;322.06
2004-12-24;323.17
2004-12-27;321.1
2004-12-28;324.36
2004-12-29;323.88
2004-12-30;321.51
2004-12-31;323.31
2005-01-03;320.49
2005-01-04;320.66
2005-01-05;320.71
2005-01-06;324.27
2005-01-07;325.89
2005-01-10;325.89
2005-01-11;328.64
2005-01-12;333.29
2005-01-13;335.23
2005-01-14;335.35
2005-01-17;331.04
2005-01-18;327.59
2005-01-19;326.68
2005-01-20;324.77
2005-01-21;324.24
2005-01-24;324.51
2005-01-25;326.31
2005-01-26;326.16
2005-01-27;327.83
2005-01-28;328.12
2005-01-31;321.72
2005-02-01;318.78
2005-02-02;318.4
2005-02-03;314.63
2005-02-04;316.59
2005-02-07;321.52
2005-02-08;325.52
2005-02-09;324.9
2005-02-10;329.83
2005-02-11;330.4
2005-02-14;329.37
2005-02-15;327.43
2005-02-16;326.52
2005-02-17;325.34
2005-02-18;325.97
2005-02-21;326.58
2005-02-22;326.67
2005-02-23;328.18
2005-02-24;332.17
2005-02-25;335.4
2005-02-28;330.51
2005-03-01;322.15
2005-03-02;325.24
2005-03-03;320.88
2005-03-04;320.23
2005-03-07;316.57
2005-03-08;310.94
2005-03-09;312.7
2005-03-10;315.16
2005-03-11;313.42
2005-03-14;305.38
2005-03-15;303.78
2005-03-16;305.05
2005-03-17;300.61
2005-03-18;301.24
2005-03-21;301.27
2005-03-22;303.09
2005-03-23;303.53
2005-03-24;300.65
2005-03-25;304.32
2005-03-28;303.92
2005-03-29;303.91
2005-03-30;301.15
2005-03-31;299.89
2005-04-01;297.31
2005-04-04;296.87
2005-04-05;302.03
2005-04-06;297.96
2005-04-07;293.23
2005-04-08;297.61
2005-04-11;297.07
2005-04-12;295.15
2005-04-13;298.3
2005-04-14;296.56
2005-04-15;302.05
2005-04-18;304.18
2005-04-19;302.77
2005-04-20;309.38
2005-04-21;307.58
2005-04-22;309.94
2005-04-25;310.94
2005-04-26;315.07
2005-04-27;320.07
2005-04-28;320.25
2005-04-29;317.92
2005-05-02;319.46
2005-05-03;317.37
2005-05-04;323.84
2005-05-05;324.37
2005-05-06;323.26
2005-05-09;323.94
2005-05-10;319.66
2005-05-11;316.63
2005-05-12;320.51
2005-05-13;318.49
2005-05-16;315.23
2005-05-17;317.0
2005-05-18;320.84
2005-05-19;323.23
2005-05-20;326.53
2005-05-23;324.14
2005-05-24;319.61
2005-05-25;324.49
2005-05-26;323.52
2005-05-27;322.79
2005-05-30;327.16
2005-05-31;329.06
2005-06-01;330.64
2005-06-02;337.88
2005-06-03;335.79
2005-06-06;338.99
2005-06-07;339.27
2005-06-08;340.27
2005-06-09;345.55
2005-06-10;347.4
2005-06-13;349.35
2005-06-14;353.19
2005-06-15;351.99
2005-06-16;349.12
2005-06-17;345.56
2005-06-20;338.85
2005-06-21;345.9
2005-06-22;342.17
2005-06-23;341.5
2005-06-24;340.64
2005-06-27;341.77
2005-06-28;344.65
2005-06-29;347.7
2005-06-30;345.76
2005-07-01;345.27
2005-07-04;346.33
2005-07-05;345.55
2005-07-06;351.2
2005-07-07;353.01
2005-07-08;355.69
2005-07-11;358.14
2005-07-12;362.43
2005-07-13;363.18
2005-07-14;358.56
2005-07-15;360.08
2005-07-18;357.82
2005-07-19;356.02
2005-07-20;358.2
2005-07-21;362.72
2005-07-22;362.89
2005-07-25;364.1
2005-07-26;370.39
2005-07-27;371.38
2005-07-28;381.13
2005-07-29;383.38
2005-08-01;376.73
2005-08-02;379.66
2005-08-03;381.2
2005-08-04;386.21
2005-08-05;388.91
2005-08-08;388.47
2005-08-09;383.81
2005-08-10;383.1
2005-08-11;379.94
2005-08-12;377.83
2005-08-15;380.15
2005-08-16;386.59
2005-08-17;388.21
2005-08-18;383.67
2005-08-19;385.47
2005-08-22;390.18
2005-08-23;387.9
2005-08-24;387.47
2005-08-25;387.63
2005-08-26;384.68
2005-08-29;387.27
2005-08-30;386.9
2005-08-31;388.62
2005-09-01;385.27
2005-09-02;383.68
2005-09-05;386.55
2005-09-06;385.2
2005-09-07;391.95
2005-09-08;390.48
2005-09-09;391.46
2005-09-12;395.21
2005-09-13;389.7
2005-09-14;382.94
2005-09-15;377.19
2005-09-16;382.05
2005-09-19;380.03
2005-09-20;389.85
2005-09-21;387.75
2005-09-22;388.56
2005-09-23;394.65
2005-09-26;402.67
2005-09-27;411.07
2005-09-28;416.14
2005-09-29;420.5
2005-09-30;423.1
2005-10-03;426.5
2005-10-04;424.25
2005-10-05;420.89
2005-10-06;420.98
2005-10-07;420.37
2005-10-10;418.57
2005-10-11;421.59
2005-10-12;425.72
2005-10-13;426.2
2005-10-14;432.61
2005-10-17;427.78
2005-10-18;427.05
2005-10-19;424.1
2005-10-20;416.29
2005-10-21;416.05
2005-10-24;415.65
2005-10-25;422.04
2005-10-26;424.81
2005-10-27;420.57
2005-10-28;428.47
2005-10-31;433.81
2005-11-01;436.44
2005-11-02;435.56
2005-11-03;431.49
2005-11-04;429.99
2005-11-07;434.78
2005-11-08;443.08
2005-11-09;450.03
2005-11-10;447.95
2005-11-11;443.04
2005-11-14;443.78
2005-11-15;436.04
2005-11-16;437.56
2005-11-17;437.02
2005-11-18;435.09
2005-11-21;428.27
2005-11-22;430.57
2005-11-23;428.39
2005-11-24;423.48
2005-11-25;411.42
2005-11-28;411.41
2005-11-29;418.81
2005-11-30;425.87
2005-12-01;424.03
2005-12-02;421.58
2005-12-05;423.66
2005-12-06;419.54
2005-12-07;420.91
2005-12-08;424.24
2005-12-09;429.55
2005-12-12;429.23
2005-12-13;428.46
2005-12-14;424.81
2005-12-15;421.4
2005-12-16;420.55
2005-12-19;422.2
2005-12-20;426.16
2005-12-21;422.85
2005-12-22;429.27
2005-12-23;428.21
2005-12-26;428.22
2005-12-27;425.13
2005-12-28;414.93
2005-12-29;418.7
2005-12-30;421.89
2006-01-02;420.81
2006-01-03;421.2
2006-01-04;423.48
2006-01-05;416.97
2006-01-06;414.87
2006-01-09;418.26
2006-01-10;413.12
2006-01-11;414.44
2006-01-12;408.92
2006-01-13;410.93
2006-01-16;410.89
2006-01-17;404.35
2006-01-18;409.16
2006-01-19;406.26
2006-01-20;403.07
2006-01-23;403.98
2006-01-24;408.72
2006-01-25;404.67
2006-01-26;405.02
2006-01-27;406.86
2006-01-30;409.78
2006-01-31;410.61
2006-02-01;409.2
2006-02-02;405.92
2006-02-03;406.37
2006-02-06;402.11
2006-02-07;390.47
2006-02-08;392.27
2006-02-09;395.91
2006-02-10;386.66
2006-02-13;382.85
2006-02-14;385.32
2006-02-15;393.34
2006-02-16;393.52
2006-02-17;390.75
2006-02-20;390.14
2006-02-21;395.6
2006-02-22;393.14
2006-02-23;390.1
2006-02-24;388.31
2006-02-27;384.71
2006-02-28;385.27
2006-03-01;391.63
2006-03-02;392.99
2006-03-03;392.1
2006-03-06;391.05
2006-03-07;385.04
2006-03-08;388.54
2006-03-09;388.33
2006-03-10;387.73
2006-03-13;400.2
2006-03-14;401.5
2006-03-15;398.58
2006-03-16;396.98
2006-03-17;401.64
2006-03-20;402.2
2006-03-21;396.51
2006-03-22;400.26
2006-03-23;397.68
2006-03-24;405.23
2006-03-27;409.71
2006-03-28;407.98
2006-03-29;413.31
2006-03-30;413.69
2006-03-31;417.32
2006-04-03;419.45
2006-04-04;416.0
2006-04-05;413.43
2006-04-06;417.79
2006-04-07;416.5
2006-04-10;414.92
2006-04-11;411.06
2006-04-12;412.91
2006-04-13;421.52
2006-04-14;417.13
2006-04-17;417.34
2006-04-18;423.33
2006-04-19;423.1
2006-04-20;425.12
2006-04-21;420.71
2006-04-24;422.62
2006-04-25;421.93
2006-04-26;426.2
2006-04-27;431.37
2006-04-28;442.64
2006-05-01;445.32
2006-05-02;446.88
2006-05-03;447.86
2006-05-04;446.39
2006-05-05;448.02
2006-05-08;446.8
2006-05-09;447.67
2006-05-10;453.68
2006-05-11;449.23
2006-05-12;454.46
2006-05-15;460.56
2006-05-16;460.13
2006-05-17;450.48
2006-05-18;447.86
2006-05-19;453.78
2006-05-22;453.79
2006-05-23;449.36
2006-05-24;447.21
2006-05-25;451.08
2006-05-26;453.66
2006-05-29;452.69
2006-05-30;451.14
2006-05-31;449.49
2006-06-01;445.45
2006-06-02;452.76
2006-06-05;451.41
2006-06-06;457.02
2006-06-07;464.09
2006-06-08;468.84
2006-06-09;466.93
2006-06-12;468.93
2006-06-13;468.94
2006-06-14;464.82
2006-06-15;466.44
2006-06-16;461.06
2006-06-19;466.65
2006-06-20;464.6
2006-06-21;465.65
2006-06-22;467.08
2006-06-23;465.99
2006-06-26;468.84
2006-06-27;466.73
2006-06-28;470.91
2006-06-29;464.69
2006-06-30;465.4
2006-07-03;474.54
2006-07-04;469.91
2006-07-05;466.84
2006-07-06;469.36
2006-07-07;470.32
2006-07-10;472.08
2006-07-11;474.51
2006-07-12;477.64
2006-07-13;483.06
2006-07-14;485.16
2006-07-17;484.11
2006-07-18;487.49
2006-07-19;496.87
2006-07-20;496.34
2006-07-21;491.63
2006-07-24;497.19
2006-07-25;496.72
2006-07-26;486.05
2006-07-27;490.29
2006-07-28;487.79
2006-07-31;487.47
2006-08-01;489.21
2006-08-02;490.26
2006-08-03;493.86
2006-08-04;491.84
2006-08-07;494.48
2006-08-08;493.32
2006-08-09;497.09
2006-08-10;500.27
2006-08-11;495.72
2006-08-14;501.23
2006-08-15;498.67
2006-08-16;502.82
2006-08-17;504.79
2006-08-18;514.2
2006-08-21;513.18
2006-08-22;511.51
2006-08-23;511.54
2006-08-24;510.12
2006-08-25;514.33
2006-08-28;506.14
2006-08-29;500.94
2006-08-30;495.71
2006-08-31;500.55
2006-09-01;509.23
2006-09-04;508.83
2006-09-05;508.1
2006-09-06;508.58
2006-09-07;514.62
2006-09-08;509.97
2006-09-11;511.32
2006-09-12;516.43
2006-09-13;519.15
2006-09-14;520.26
2006-09-15;525.6
2006-09-18;511.52
2006-09-19;515.12
2006-09-20;511.88
2006-09-21;502.63
2006-09-22;505.33
2006-09-25;512.4
2006-09-26;511.82
2006-09-27;516.83
2006-09-28;525.29
2006-09-29;532.33
2006-10-02;541.19
2006-10-03;545.34
2006-10-04;545.89
2006-10-05;537.28
2006-10-06;536.09
2006-10-09;531.71
2006-10-10;543.38
2006-10-11;542.56
2006-10-12;543.37
2006-10-13;546.5
2006-10-16;546.87
2006-10-17;556.28
2006-10-18;552.96
2006-10-19;554.17
2006-10-20;550.19
2006-10-23;543.07
2006-10-24;539.88
2006-10-25;539.82
2006-10-26;537.64
2006-10-27;534.05
2006-10-30;526.67
2006-10-31;526.36
2006-11-01;518.58
2006-11-02;522.65
2006-11-03;523.21
2006-11-06;515.71
2006-11-07;514.25
2006-11-08;510.51
2006-11-09;512.26
2006-11-10;519.26
2006-11-13;509.65
2006-11-14;510.37
2006-11-15;509.68
2006-11-16;513.23
2006-11-17;514.45
2006-11-20;510.71
2006-11-21;509.21
2006-11-22;505.28
2006-11-23;510.84
2006-11-24;511.08
2006-11-27;520.92
2006-11-28;520.74
2006-11-29;517.18
2006-11-30;509.48
2006-12-01;500.42
2006-12-04;492.62
2006-12-05;494.06
2006-12-06;496.69
2006-12-07;488.97
2006-12-08;493.46
2006-12-11;491.2
2006-12-12;492.05
2006-12-13;500.1
2006-12-14;504.71
2006-12-15;503.48
2006-12-18;499.12
2006-12-19;488.51
2006-12-20;485.12
2006-12-21;484.21
2006-12-22;479.55
2006-12-25;479.05
2006-12-26;479.53
2006-12-27;478.57
2006-12-28;475.58
2006-12-29;476.5
2007-01-01;478.73
2007-01-02;473.63
2007-01-03;480.43
2007-01-04;480.08
2007-01-05;480.29
2007-01-08;483.81
2007-01-09;485.06
2007-01-10;489.8
2007-01-11;491.33
2007-01-12;488.45
2007-01-15;490.33
2007-01-16;484.85
2007-01-17;485.5
2007-01-18;485.46
2007-01-19;484.57
2007-01-22;484.06
2007-01-23;475.08
2007-01-24;472.59
2007-01-25;473.14
2007-01-26;474.02
2007-01-29;469.27
2007-01-30;475.32
2007-01-31;471.33
2007-02-01;476.01
2007-02-02;478.16
2007-02-05;475.19
2007-02-06;483.75
2007-02-07;478.1
2007-02-08;482.61
2007-02-09;487.56
2007-02-12;484.41
2007-02-13;491.28
2007-02-14;490.17
2007-02-15;491.71
2007-02-16;493.11
2007-02-19;492.57
2007-02-20;496.69
2007-02-21;500.76
2007-02-22;492.13
2007-02-23;498.67
2007-02-26;490.5
2007-02-27;495.69
2007-02-28;501.4
2007-03-01;496.05
2007-03-02;494.14
2007-03-05;488.8
2007-03-06;487.87
2007-03-07;486.49
2007-03-08;490.41
2007-03-09;496.95
2007-03-12;504.01
2007-03-13;501.31
2007-03-14;500.38
2007-03-15;492.08
2007-03-16;488.24
2007-03-19;493.07
2007-03-20;501.16
2007-03-21;495.1
2007-03-22;492.29
2007-03-23;492.29
2007-03-26;493.79
2007-03-27;489.91
2007-03-28;492.11
2007-03-29;489.91
2007-03-30;489.96
2007-04-02;492.76
2007-04-03;492.91
2007-04-04;490.88
2007-04-05;490.47
2007-04-06;490.16
2007-04-09;488.47
2007-04-10;487.32
2007-04-11;495.24
2007-04-12;498.14
2007-04-13;496.79
2007-04-16;500.38
2007-04-17;498.83
2007-04-18;504.81
2007-04-19;506.8
2007-04-20;506.38
2007-04-23;508.78
2007-04-24;500.91
2007-04-25;495.39
2007-04-26;489.6
2007-04-27;490.43
2007-04-30;499.04
2007-05-01;510.3
2007-05-02;513.69
2007-05-03;516.39
2007-05-04;507.22
2007-05-07;504.59
2007-05-08;500.74
2007-05-09;497.76
2007-05-10;497.05
2007-05-11;494.82
2007-05-14;485.15
2007-05-15;488.9
2007-05-16;483.78
2007-05-17;485.06
2007-05-18;495.24
2007-05-21;490.81
2007-05-22;478.52
2007-05-23;477.27
2007-05-24;482.64
2007-05-25;492.21
2007-05-28;486.28
2007-05-29;488.82
2007-05-30;486.67
2007-05-31;486.28
2007-06-01;499.26
2007-06-04;491.88
2007-06-05;493.25
2007-06-06;495.68
2007-06-07;501.18
2007-06-08;501.8
2007-06-11;503.47
2007-06-12;501.63
2007-06-13;503.1
2007-06-14;501.5
2007-06-15;504.74
2007-06-18;503.0
2007-06-19;505.03
2007-06-20;505.0
2007-06-21;510.82
2007-06-22;510.68
2007-06-25;501.76
2007-06-26;508.21
2007-06-27;503.74
2007-06-28;500.57
2007-06-29;497.71
2007-07-02;504.68
2007-07-03;494.03
2007-07-04;509.65
2007-07-05;515.16
2007-07-06;516.44
2007-07-09;516.28
2007-07-10;517.89
2007-07-11;520.72
2007-07-12;524.21
2007-07-13;527.25
2007-07-16;527.85
2007-07-17;526.94
2007-07-18;526.28
2007-07-19;525.38
2007-07-20;531.47
2007-07-23;534.76
2007-07-24;519.17
2007-07-25;522.71
2007-07-26;523.85
2007-07-27;523.89
2007-07-30;521.98
2007-07-31;527.98
2007-08-01;533.12
2007-08-02;529.13
2007-08-03;531.41
2007-08-06;526.38
2007-08-07;519.25
2007-08-08;516.13
2007-08-09;520.71
2007-08-10;525.8
2007-08-13;528.63
2007-08-14;532.6
2007-08-15;535.48
2007-08-16;532.18
2007-08-17;534.61
2007-08-20;539.02
2007-08-21;543.22
2007-08-22;549.82
2007-08-23;553.85
2007-08-24;555.93
2007-08-27;562.02
2007-08-28;562.01
2007-08-29;557.2
2007-08-30;556.43
2007-08-31;552.42
2007-09-03;548.83
2007-09-04;548.17
2007-09-05;543.97
2007-09-06;542.43
2007-09-07;532.29
2007-09-10;533.56
2007-09-11;533.7
2007-09-12;529.47
2007-09-13;533.1
2007-09-14;538.23
2007-09-17;529.71
2007-09-18;525.8
2007-09-19;521.89
2007-09-20;517.11
2007-09-21;521.53
2007-09-24;520.65
2007-09-25;519.41
2007-09-26;509.13
2007-09-27;512.49
2007-09-28;506.27
2007-10-01;506.7
2007-10-02;508.23
2007-10-03;515.27
2007-10-04;508.66
2007-10-05;493.42
2007-10-08;494.46
2007-10-09;503.48
2007-10-10;509.85
2007-10-11;511.04
2007-10-12;508.66
2007-10-15;512.89
2007-10-16;508.02
2007-10-17;510.57
2007-10-18;513.28
2007-10-19;518.85
2007-10-22;533.3
2007-10-23;535.52
2007-10-24;532.93
2007-10-25;532.93
2007-10-26;523.63
2007-10-29;520.13
2007-10-30;518.13
2007-10-31;515.54
2007-11-01;516.46
2007-11-02;512.34
2007-11-05;518.21
2007-11-06;518.34
2007-11-07;518.42
2007-11-08;516.85
2007-11-09;517.78
2007-11-12;522.19
2007-11-13;517.79
2007-11-14;514.51
2007-11-15;513.08
2007-11-16;506.3
2007-11-19;502.28
2007-11-20;500.01
2007-11-21;504.51
2007-11-22;505.96
2007-11-23;507.06
2007-11-26;511.51
2007-11-27;510.93
2007-11-28;513.05
2007-11-29;512.65
2007-11-30;514.14
2007-12-03;511.27
2007-12-04;498.93
2007-12-05;498.39
2007-12-06;505.6
2007-12-07;510.41
2007-12-10;515.47
2007-12-11;521.97
2007-12-12;522.56
2007-12-13;523.72
2007-12-14;520.62
2007-12-17;519.1
2007-12-18;522.43
2007-12-19;528.85
2007-12-20;528.24
2007-12-21;526.0
2007-12-24;526.13
2007-12-25;529.43
2007-12-26;521.92
2007-12-27;510.06
2007-12-28;507.38
2007-12-31;501.31
2008-01-01;498.89
2008-01-02;498.28
2008-01-03;496.15
2008-01-04;503.48
2008-01-07;505.25
2008-01-08;506.89
2008-01-09;510.17
2008-01-10;504.49
2008-01-11;509.86
2008-01-14;509.6
2008-01-15;513.14
2008-01-16;507.77
2008-01-17;500.01
2008-01-18;504.22
2008-01-21;506.25
2008-01-22;501.81
2008-01-23;497.57
2008-01-24;503.29
2008-01-25;497.43
2008-01-28;505.73
2008-01-29;501.3
2008-01-30;504.63
2008-01-31;503.09
2008-02-01;506.25
2008-02-04;503.63
2008-02-05;502.93
2008-02-06;503.26
2008-02-07;498.35
2008-02-08;502.16
2008-02-11;499.71
2008-02-12;498.69
2008-02-13;493.86
2008-02-14;481.33
2008-02-15;480.53
2008-02-18;492.24
2008-02-19;496.23
2008-02-20;496.26
2008-02-21;495.08
2008-02-22;495.31
2008-02-25;498.14
2008-02-26;492.39
2008-02-27;498.0
2008-02-28;501.68
2008-02-29;505.41
2008-03-03;507.76
2008-03-04;507.98
2008-03-05;511.53
2008-03-06;514.68
2008-03-07;512.99
2008-03-10;510.17
2008-03-11;510.82
2008-03-12;518.86
2008-03-13;512.56
2008-03-14;505.17
2008-03-17;506.13
2008-03-18;506.51
2008-03-19;507.52
2008-03-20;508.88
2008-03-21;507.87
2008-03-24;515.57
2008-03-25;507.44
2008-03-26;503.36
2008-03-27;502.97
2008-03-28;494.83
2008-03-31;494.08
2008-04-01;502.42
2008-04-02;502.65
2008-04-03;503.93
2008-04-04;497.71
2008-04-07;494.76
2008-04-08;493.03
2008-04-09;491.59
2008-04-10;498.01
2008-04-11;500.91
2008-04-14;495.47
2008-04-15;496.82
2008-04-16;499.42
2008-04-17;505.24
2008-04-18;513.35
2008-04-21;508.26
2008-04-22;504.27
2008-04-23;498.05
2008-04-24;497.01
2008-04-25;499.46
2008-04-28;504.51
2008-04-29;504.26
2008-04-30;502.77
2008-05-01;503.66
2008-05-02;499.58
2008-05-05;510.14
2008-05-06;502.07
2008-05-07;503.12
2008-05-08;513.43
2008-05-09;513.59
2008-05-12;512.74
2008-05-13;511.04
2008-05-14;510.24
2008-05-15;517.38
2008-05-16;506.06
2008-05-19;513.95
2008-05-20;506.76
2008-05-21;505.53
2008-05-22;503.49
2008-05-23;506.58
2008-05-26;498.61
2008-05-27;501.04
2008-05-28;511.31
2008-05-29;504.47
2008-05-30;505.55
2008-06-02;502.33
2008-06-03;504.59
2008-06-04;504.82
2008-06-05;501.7
2008-06-06;504.28
2008-06-09;513.5
2008-06-10;512.65
2008-06-11;516.47
2008-06-12;509.92
2008-06-13;505.17
2008-06-16;507.68
2008-06-17;515.34
2008-06-18;517.3
2008-06-19;515.81
2008-06-20;515.94
2008-06-23;509.62
2008-06-24;512.82
2008-06-25;517.48
2008-06-26;515.27
2008-06-27;512.97
2008-06-30;514.47
2008-07-01;512.35
2008-07-02;512.14
2008-07-03;523.02
2008-07-04;521.86
2008-07-07;520.12
2008-07-08;516.88
2008-07-09;520.86
2008-07-10;520.04
2008-07-11;516.8
2008-07-14;523.75
2008-07-15;531.32
2008-07-16;528.26
2008-07-17;518.53
2008-07-18;523.89
2008-07-21;520.43
2008-07-22;524.68
2008-07-23;514.47
2008-07-24;519.19
2008-07-25;513.03
2008-07-28;516.91
2008-07-29;517.11
2008-07-30;512.31
2008-07-31;510.35
2008-08-01;513.98
2008-08-04;514.66
2008-08-05;517.79
2008-08-06;528.16
2008-08-07;520.03
2008-08-08;528.57
2008-08-11;529.25
2008-08-12;524.63
2008-08-13;517.78
2008-08-14;516.93
2008-08-15;521.82
2008-08-18;521.29
2008-08-19;529.29
2008-08-20;521.74
2008-08-21;521.81
2008-08-22;515.41
2008-08-25;517.41
2008-08-26;522.13
2008-08-27;520.06
2008-08-28;506.65
2008-08-29;507.78
2008-09-01;510.13
2008-09-02;512.32
2008-09-03;518.78
2008-09-04;513.35
2008-09-05;516.97
2008-09-08;523.26
2008-09-09;514.09
2008-09-10;515.86
2008-09-11;513.39
2008-09-12;513.1
2008-09-15;515.01
2008-09-16;512.63
2008-09-17;509.29
2008-09-18;509.6
2008-09-19;504.18
2008-09-22;498.83
2008-09-23;502.35
2008-09-24;496.7
2008-09-25;500.14
2008-09-26;502.57
2008-09-29;494.03
2008-09-30;490.8
2008-10-01;496.79
2008-10-02;492.04
2008-10-03;489.87
2008-10-06;492.26
2008-10-07;496.24
2008-10-08;495.12
2008-10-09;492.28
2008-10-10;499.41
2008-10-13;508.22
2008-10-14;513.32
2008-10-15;513.88
2008-10-16;509.86
2008-10-17;505.75
2008-10-20;508.52
2008-10-21;510.78
2008-10-22;518.06
2008-10-23;521.56
2008-10-24;513.85
2008-10-27;519.39
2008-10-28;514.33
2008-10-29;512.49
2008-10-30;513.9
2008-10-31;524.28
2008-11-03;540.72
2008-11-04;544.13
2008-11-05;543.27
2008-11-06;546.31
2008-11-07;551.3
2008-11-10;549.67
2008-11-11;559.67
2008-11-12;561.1
2008-11-13;564.03
2008-11-14;567.93
2008-11-17;570.47
2008-11-18;575.39
2008-11-19;571.99
2008-11-20;568.94
2008-11-21;562.82
2008-11-24;565.43
2008-11-25;569.98
2008-11-26;572.73
2008-11-27;582.46
2008-11-28;582.58
2008-12-01;586.62
2008-12-02;580.36
2008-12-03;578.26
2008-12-04;582.43
2008-12-05;587.52
2008-12-08;585.94
2008-12-09;585.66
2008-12-10;576.92
2008-12-11;575.01
2008-12-12;580.27
2008-12-15;583.75
2008-12-16;586.82
2008-12-17;587.26
2008-12-18;587.45
2008-12-19;583.72
2008-12-22;587.94
2008-12-23;590.56
2008-12-24;593.62
2008-12-25;590.64
2008-12-26;578.07
2008-12-29;584.56
2008-12-30;581.9
2008-12-31;577.03
2009-01-01;581.18
2009-01-02;579.04
2009-01-05;585.32
2009-01-06;589.08
2009-01-07;593.26
2009-01-08;585.3
2009-01-09;592.54
2009-01-12;594.24
2009-01-13;592.19
2009-01-14;593.19
2009-01-15;582.8
2009-01-16;585.33
2009-01-19;579.45
2009-01-20;571.76
2009-01-21;563.19
2009-01-22;569.6
2009-01-23;566.16
2009-01-26;574.99
2009-01-27;572.05
2009-01-28;562.42
2009-01-29;556.29
2009-01-30;563.3
2009-02-02;562.56
2009-02-03;559.62
2009-02-04;560.65
2009-02-05;563.61
2009-02-06;570.05
2009-02-09;578.44
2009-02-10;576.51
2009-02-11;569.01
2009-02-12;566.8
2009-02-13;568.41
2009-02-16;563.08
2009-02-17;557.83
2009-02-18;559.89
2009-02-19;559.75
2009-02-20;560.08
2009-02-23;555.97
2009-02-24;554.83
2009-02-25;549.84
2009-02-26;554.87
2009-02-27;560.75
2009-03-02;550.54
2009-03-03;545.56
2009-03-04;537.53
2009-03-05;534.17
2009-03-06;533.86
2009-03-09;526.26
2009-03-10;521.54
2009-03-11;516.43
2009-03-12;517.63
2009-03-13;518.12
2009-03-16;514.51
2009-03-17;515.55
2009-03-18;512.86
2009-03-19;511.59
2009-03-20;520.28
2009-03-23;527.39
2009-03-24;520.66
2009-03-25;525.11
2009-03-26;529.51
2009-03-27;523.56
2009-03-30;527.98
2009-03-31;536.23
2009-04-01;530.34
2009-04-02;525.61
2009-04-03;531.09
2009-04-06;532.66
2009-04-07;535.73
2009-04-08;537.69
2009-04-09;539.93
2009-04-10;532.9
2009-04-13;538.62
2009-04-14;545.05
2009-04-15;543.94
2009-04-16;543.84
2009-04-17;535.65
2009-04-20;538.53
2009-04-21;541.75
2009-04-22;541.55
2009-04-23;547.77
2009-04-24;546.08
2009-04-27;549.3
2009-04-28;543.83
2009-04-29;543.84
2009-04-30;543.03
2009-05-01;544.39
2009-05-04;542.51
2009-05-05;541.94
2009-05-06;546.55
2009-05-07;544.3
2009-05-08;535.69
2009-05-11;545.2
2009-05-12;552.86
2009-05-13;545.86
2009-05-14;549.76
2009-05-15;547.13
2009-05-18;548.71
2009-05-19;550.46
2009-05-20;549.31
2009-05-21;545.14
2009-05-22;541.51
2009-05-25;536.69
2009-05-26;532.36
2009-05-27;532.13
2009-05-28;528.46
2009-05-29;532.19
2009-06-01;540.24
2009-06-02;537.24
2009-06-03;538.66
2009-06-04;541.49
2009-06-05;544.18
2009-06-08;544.73
2009-06-09;548.91
2009-06-10;551.7
2009-06-11;545.01
2009-06-12;549.88
2009-06-15;554.89
2009-06-16;550.8
2009-06-17;551.14
2009-06-18;555.05
2009-06-19;554.03
2009-06-22;560.11
2009-06-23;573.49
2009-06-24;569.12
2009-06-25;561.41
2009-06-26;563.25
2009-06-29;567.46
2009-06-30;566.29
2009-07-01;574.66
2009-07-02;567.11
2009-07-03;571.18
2009-07-06;567.87
2009-07-07;577.77
2009-07-08;589.43
2009-07-09;585.06
2009-07-10;581.99
2009-07-13;587.14
2009-07-14;585.01
2009-07-15;584.89
2009-07-16;585.19
2009-07-17;574.1
2009-07-20;574.16
2009-07-21;570.35
2009-07-22;567.68
2009-07-23;576.01
2009-07-24;568.92
2009-07-27;573.69
2009-07-28;572.23
2009-07-29;570.77
2009-07-30;575.43
2009-07-31;577.53
2009-08-03;580.97
2009-08-04;586.74
2009-08-05;584.94
2009-08-06;581.51
2009-08-07;575.34
2009-08-10;570.74
2009-08-11;587.71
2009-08-12;595.17
2009-08-13;587.28
2009-08-14;579.66
2009-08-17;582.6
2009-08-18;585.93
2009-08-19;589.29
2009-08-20;587.94
2009-08-21;587.35
2009-08-24;589.42
2009-08-25;590.07
2009-08-26;577.13
2009-08-27;575.94
2009-08-28;571.18
2009-08-31;572.33
2009-09-01;589.56
2009-09-02;591.87
2009-09-03;590.16
2009-09-04;595.75
2009-09-07;598.78
2009-09-08;601.44
2009-09-09;605.24
2009-09-10;617.84
2009-09-11;611.01
2009-09-14;614.05
2009-09-15;608.52
2009-09-16;612.05
2009-09-17;606.58
2009-09-18;604.2
2009-09-21;602.57
2009-09-22;608.6
2009-09-23;614.34
2009-09-24;606.84
2009-09-25;607.33
2009-09-28;603.17
2009-09-29;595.73
2009-09-30;594.59
2009-10-01;592.9
2009-10-02;607.44
2009-10-05;610.22
2009-10-06;601.96
2009-10-07;598.71
2009-10-08;604.98
2009-10-09;617.77
2009-10-12;608.12
2009-10-13;596.84
2009-10-14;608.16
2009-10-15;610.68
2009-10-16;605.53
2009-10-19;608.92
2009-10-20;593.02
2009-10-21;593.19
2009-10-22;595.28
2009-10-23;600.93
2009-10-26;594.99
2009-10-27;595.65
2009-10-28;590.29
2009-10-29;591.94
2009-10-30;586.79
2009-11-02;584.54
2009-11-03;578.87
2009-11-04;582.78
2009-11-05;587.93
2009-11-06;586.7
2009-11-09;587.07
2009-11-10;578.71
2009-11-11;577.12
2009-11-12;576.97
2009-11-13;592.24
2009-11-16;585.8
2009-11-17;594.53
2009-11-18;600.6
2009-11-19;602.44
2009-11-20;613.18
2009-11-23;615.62
2009-11-24;618.17
2009-11-25;617.99
2009-11-26;625.71
2009-11-27;632.73
2009-11-30;628.93
2009-12-01;620.79
2009-12-02;619.68
2009-12-03;614.88
2009-12-04;614.64
2009-12-07;622.4
2009-12-08;619.71
2009-12-09;619.6
2009-12-10;620.11
2009-12-11;625.53
2009-12-14;611.63
2009-12-15;608.07
2009-12-16;609.51
2009-12-17;616.98
2009-12-18;614.1
2009-12-21;602.73
2009-12-22;606.61
2009-12-23;602.91
2009-12-24;595.89
2009-12-25;592.32
2009-12-28;591.37
2009-12-29;587.94
2009-12-30;575.12
2009-12-31;580.43
2010-01-01;587.97
2010-01-04;591.95
2010-01-05;585.36
2010-01-06;584.33
2010-01-07;584.44
2010-01-08;588.08
2010-01-11;592.16
2010-01-12;587.96
2010-01-13;588.59
2010-01-14;591.43
2010-01-15;600.19
2010-01-18;604.56
2010-01-19;609.49
2010-01-20;610.15
2010-01-21;618.91
2010-01-22;621.6
2010-01-25;616.4
2010-01-26;625.21
2010-01-27;629.73
2010-01-28;627.09
2010-01-29;624.24
2010-02-01;626.25
2010-02-02;629.31
2010-02-03;630.71
2010-02-04;632.83
2010-02-05;643.74
2010-02-08;650.8
2010-02-09;652.21
2010-02-10;658.51
2010-02-11;651.87
2010-02-12;654.63
2010-02-15;666.64
2010-02-16;665.35
2010-02-17;659.88
2010-02-18;655.74
2010-02-19;648.76
2010-02-22;643.83
2010-02-23;641.61
2010-02-24;632.75
2010-02-25;633.0
2010-02-26;638.87
2010-03-01;633.23
2010-03-02;643.01
2010-03-03;646.46
2010-03-04;653.28
2010-03-05;649.15
2010-03-08;654.86
2010-03-09;647.87
2010-03-10;653.8
2010-03-11;655.09
2010-03-12;658.88
2010-03-15;651.29
2010-03-16;645.63
2010-03-17;649.65
2010-03-18;643.65
2010-03-19;646.79
2010-03-22;638.11
2010-03-23;643.68
2010-03-24;635.91
2010-03-25;639.58
2010-03-26;643.74
2010-03-29;639.42
2010-03-30;643.3
2010-03-31;645.13
2010-04-01;641.82
2010-04-02;635.51
2010-04-05;623.19
2010-04-06;625.53
2010-04-07;615.89
2010-04-08;616.64
2010-04-09;615.17
2010-04-12;619.5
2010-04-13;617.78
2010-04-14;615.9
2010-04-15;620.56
2010-04-16;622.8
2010-04-19;624.92
2010-04-20;628.01
2010-04-21;618.52
2010-04-22;623.36
2010-04-23;627.33
2010-04-26;621.11
2010-04-27;619.75
2010-04-28;619.66
2010-04-29;618.98
2010-04-30;621.2
2010-05-03;630.25
2010-05-04;637.23
2010-05-05;629.02
2010-05-06;633.09
2010-05-07;641.67
2010-05-10;644.31
2010-05-11;651.5
2010-05-12;664.77
2010-05-13;671.74
2010-05-14;673.59
2010-05-17;680.79
2010-05-18;681.95
2010-05-19;682.28
2010-05-20;680.06
2010-05-21;690.86
2010-05-24;685.38
2010-05-25;696.05
2010-05-26;699.71
2010-05-27;690.09
2010-05-28;692.8
2010-05-31;678.42
2010-06-01;682.84
2010-06-02;689.05
2010-06-03;685.14
2010-06-04;686.16
2010-06-07;699.74
2010-06-08;696.38
2010-06-09;689.18
2010-06-10;699.56
2010-06-11;713.46
2010-06-14;713.67
2010-06-15;721.07
2010-06-16;730.92
2010-06-17;725.67
2010-06-18;722.33
2010-06-21;731.41
2010-06-22;743.91
2010-06-23;748.29
2010-06-24;741.89
2010-06-25;756.82
2010-06-28;752.99
2010-06-29;750.65
2010-06-30;753.41
2010-07-01;765.31
2010-07-02;772.03
2010-07-05;775.43
2010-07-06;779.22
2010-07-07;779.75
2010-07-08;784.3
2010-07-09;764.65
2010-07-12;762.58
2010-07-13;764.61
2010-07-14;756.0
2010-07-15;759.11
2010-07-16;757.75
2010-07-19;771.24
2010-07-20;783.56
2010-07-21;780.11
2010-07-22;779.13
2010-07-23;778.75
2010-07-26;775.42
2010-07-27;777.13
2010-07-28;771.43
2010-07-29;762.9
2010-07-30;767.84
2010-08-02;772.87
2010-08-03;766.85
2010-08-04;773.9
2010-08-05;769.21
2010-08-06;771.35
2010-08-09;777.87
2010-08-10;777.8
2010-08-11;781.53
2010-08-12;777.69
2010-08-13;776.36
2010-08-16;774.95
2010-08-17;769.36
2010-08-18;768.2
2010-08-19;756.49
2010-08-20;752.96
2010-08-23;751.01
2010-08-24;749.27
2010-08-25;747.65
2010-08-26;747.37
2010-08-27;751.14
2010-08-30;757.9
2010-08-31;753.17
2010-09-01;744.29
2010-09-02;736.72
2010-09-03;733.32
2010-09-06;730.92
2010-09-07;725.47
2010-09-08;716.25
2010-09-09;713.17
2010-09-10;714.64
2010-09-13;719.07
2010-09-14;715.24
2010-09-15;712.46
2010-09-16;706.04
2010-09-17;706.0
2010-09-20;700.18
2010-09-21;704.37
2010-09-22;691.97
2010-09-23;689.65
2010-09-24;691.9
2010-09-27;693.35
2010-09-28;712.19
2010-09-29;714.86
2010-09-30;707.86
2010-10-01;707.36
2010-10-04;694.97
2010-10-05;694.59
2010-10-06;688.98
2010-10-07;695.45
2010-10-08;691.81
2010-10-11;691.17
2010-10-12;686.95
2010-10-13;699.07
2010-10-14;697.0
2010-10-15;709.94
2010-10-18;715.9
2010-10-19;719.53
2010-10-20;722.37
2010-10-21;725.39
2010-10-22;711.59
2010-10-25;709.78
2010-10-26;715.96
2010-10-27;715.79
2010-10-28;705.91
2010-10-29;705.71
2010-11-01;717.92
2010-11-02;727.05
2010-11-03;726.78
2010-11-04;733.88
2010-11-05;731.37
2010-11-08;719.09
2010-11-09;712.62
2010-11-10;723.94
2010-11-11;722.14
2010-11-12;720.56
2010-11-15;718.58
2010-11-16;732.44
2010-11-17;744.53
2010-11-18;761.24
2010-11-19;760.22
2010-11-22;762.66
2010-11-23;751.28
2010-11-24;762.56
2010-11-25;753.85
2010-11-26;755.67
2010-11-29;747.57
2010-11-30;743.35
2010-12-01;737.32
2010-12-02;733.02
2010-12-03;729.25
2010-12-06;725.43
2010-12-07;731.66
2010-12-08;723.76
2010-12-09;725.54
2010-12-10;734.55
2010-12-13;730.97
2010-12-14;725.9
2010-12-15;724.41
2010-12-16;733.14
2010-12-17;734.74
2010-12-20;731.03
2010-12-21;734.75
2010-12-22;726.83
2010-12-23;731.96
2010-12-24;735.14
2010-12-27;733.06
2010-12-28;727.09
2010-12-29;720.83
2010-12-30;724.86
2010-12-31;733.95
2011-01-03;729.46
2011-01-04;732.99
2011-01-05;717.87
2011-01-06;713.85
2011-01-07;713.81
2011-01-10;707.5
2011-01-11;701.05
2011-01-12;696.54
2011-01-13;698.75
2011-01-14;697.62
2011-01-17;682.18
2011-01-18;667.88
2011-01-19;663.99
2011-01-20;667.2
2011-01-21;649.03
2011-01-24;645.95
2011-01-25;642.72
2011-01-26;651.8
2011-01-27;649.45
2011-01-28;652.1
2011-01-31;653.19
2011-02-01;639.43
2011-02-02;644.51
2011-02-03;646.05
2011-02-04;649.5
2011-02-07;675.16
2011-02-08;661.26
2011-02-09;672.83
2011-02-10;671.07
2011-02-11;673.16
2011-02-14;673.02
2011-02-15;670.34
2011-02-16;666.68
2011-02-17;669.05
2011-02-18;659.06
2011-02-21;664.18
2011-02-22;661.58
2011-02-23;654.27
2011-02-24;651.49
2011-02-25;659.84
2011-02-28;656.47
2011-03-01;658.99
2011-03-02;654.34
2011-03-03;659.46
2011-03-04;664.14
2011-03-07;676.59
2011-03-08;675.57
2011-03-09;680.26
2011-03-10;681.09
2011-03-11;690.09
2011-03-14;685.3
2011-03-15;690.58
2011-03-16;689.41
2011-03-17;689.14
2011-03-18;689.94
2011-03-21;691.85
2011-03-22;691.22
2011-03-23;692.88
2011-03-24;703.99
2011-03-25;711.1
2011-03-28;717.46
2011-03-29;714.37
2011-03-30;708.2
2011-03-31;715.14
2011-04-01;721.58
2011-04-04;732.39
2011-04-05;728.15
2011-04-06;726.66
2011-04-07;714.93
2011-04-08;712.3
2011-04-11;719.58
2011-04-12;716.4
2011-04-13;721.17
2011-04-14;719.97
2011-04-15;722.49
2011-04-18;714.38
2011-04-19;715.16
2011-04-20;693.95
2011-04-21;692.83
2011-04-22;681.7
2011-04-25;690.1
2011-04-26;695.63
2011-04-27;699.05
2011-04-28;709.86
2011-04-29;703.3
2011-05-02;715.77
2011-05-03;722.62
2011-05-04;721.09
2011-05-05;729.46
2011-05-06;721.57
2011-05-09;715.8
2011-05-10;711.62
2011-05-11;708.04
2011-05-12;700.73
2011-05-13;709.48
2011-05-16;707.82
2011-05-17;710.49
2011-05-18;706.62
2011-05-19;693.93
2011-05-20;695.98
2011-05-23;682.84
2011-05-24;682.54
2011-05-25;673.38
2011-05-26;686.93
2011-05-27;693.36
2011-05-30;694.27
2011-05-31;703.21
2011-06-01;697.44
2011-06-02;701.4
2011-06-03;702.98
2011-06-06;705.01
2011-06-07;714.16
2011-06-08;719.57
2011-06-09;721.82
2011-06-10;710.06
2011-06-13;703.42
2011-06-14;702.73
2011-06-15;703.56
2011-06-16;695.79
2011-06-17;712.74
2011-06-20;723.73
2011-06-21;728.27
2011-06-22;728.97
2011-06-23;727.61
2011-06-24;720.86
2011-06-27;721.6
2011-06-28;723.64
2011-06-29;714.84
2011-06-30;717.41
2011-07-01;716.47
2011-07-04;702.98
2011-07-05;697.11
2011-07-06;694.4
2011-07-07;707.68
2011-07-08;711.8
2011-07-11;702.47
2011-07-12;706.06
2011-07-13;695.31
2011-07-14;703.01
2011-07-15;699.88
2011-07-18;699.4
2011-07-19;708.84
2011-07-20;699.9
2011-07-21;690.29
2011-07-22;686.44
2011-07-25;693.74
2011-07-26;683.37
2011-07-27;664.19
2011-07-28;661.36
2011-07-29;665.17
2011-08-01;673.32
2011-08-02;670.37
2011-08-03;667.78
2011-08-04;675.65
2011-08-05;663.19
2011-08-08;660.78
2011-08-09;662.2
2011-08-10;665.34
2011-08-11;662.12
2011-08-12;662.51
2011-08-15;646.19
2011-08-16;642.1
2011-08-17;645.17
2011-08-18;638.99
2011-08-19;639.53
2011-08-22;642.55
2011-08-23;640.51
2011-08-24;641.76
2011-08-25;635.74
2011-08-26;634.59
2011-08-29;638.62
2011-08-30;639.78
2011-08-31;636.19
2011-09-01;637.77
2011-09-02;642.49
2011-09-05;629.48
2011-09-06;636.93
2011-09-07;634.95
2011-09-08;637.81
2011-09-09;645.61
2011-09-12;636.91
2011-09-13;632.55
2011-09-14;630.89
2011-09-15;626.1
2011-09-16;637.12
2011-09-19;631.82
2011-09-20;628.47
2011-09-21;629.91
2011-09-22;622.49
2011-09-23;620.19
2011-09-26;622.31
2011-09-27;620.39
2011-09-28;619.97
2011-09-29;616.84
2011-09-30;607.66
2011-10-03;609.76
2011-10-04;620.62
2011-10-05;620.88
2011-10-06;622.44
2011-10-07;626.91
2011-10-10;619.11
2011-10-11;629.8
2011-10-12;631.23
2011-10-13;641.69
2011-10-14;637.15
2011-10-17;648.89
2011-10-18;654.08
2011-10-19;657.86
2011-10-20;659.57
2011-10-21;658.09
2011-10-24;666.16
2011-10-25;667.26
2011-10-26;654.3
2011-10-27;647.15
2011-10-28;646.11
2011-10-31;648.28
2011-11-01;648.07
2011-11-02;656.14
2011-11-03;643.5
2011-11-04;644.58
2011-11-07;633.03
2011-11-08;637.99
2011-11-09;637.55
2011-11-10;640.38
2011-11-11;635.01
2011-11-14;643.3
2011-11-15;650.16
2011-11-16;654.11
2011-11-17;653.43
2011-11-18;657.38
2011-11-21;652.9
2011-11-22;658.65
2011-11-23;669.68
2011-11-24;677.02
2011-11-25;672.25
2011-11-28;674.84
2011-11-29;666.28
2011-11-30;670.27
2011-12-01;673.45
2011-12-02;661.03
2011-12-05;653.51
2011-12-06;651.83
2011-12-07;650.03
2011-12-08;642.33
2011-12-09;644.99
2011-12-12;646.77
2011-12-13;645.68
2011-12-14;640.96
2011-12-15;647.84
2011-12-16;658.73
2011-12-19;655.71
2011-12-20;651.86
2011-12-21;655.22
2011-12-22;653.04
2011-12-23;652.29
2011-12-26;657.28
2011-12-27;644.89
2011-12-28;653.56
2011-12-29;654.2
2011-12-30;651.67
2012-01-02;651.25
2012-01-03;651.17
2012-01-04;640.06
2012-01-05;649.79
2012-01-06;650.22
2012-01-09;653.26
2012-01-10;659.64
2012-01-11;653.07
2012-01-12;656.32
2012-01-13;654.73
2012-01-16;660.44
2012-01-17;646.55
2012-01-18;646.08
2012-01-19;642.34
2012-01-20;645.28
2012-01-23;648.47
2012-01-24;644.05
2012-01-25;639.62
2012-01-26;639.07
2012-01-27;633.5
2012-01-30;639.0
2012-01-31;636.8
2012-02-01;618.44
2012-02-02;616.28
2012-02-03;610.03
2012-02-06;600.23
2012-02-07;592.96
2012-02-08;593.75
2012-02-09;601.79
2012-02-10;603.83
2012-02-13;600.32
2012-02-14;603.2
2012-02-15;600.58
2012-02-16;596.56
2012-02-17;589.83
2012-02-20;579.64
2012-02-21;577.52
2012-02-22;578.58
2012-02-23;578.17
2012-02-24;575.91
2012-02-27;570.6
2012-02-28;574.22
2012-02-29;566.8
2012-03-01;571.34
2012-03-02;565.76
2012-03-05;561.64
2012-03-06;553.54
2012-03-07;550.9
2012-03-08;556.42
2012-03-09;559.42
2012-03-12;565.04
2012-03-13;568.13
2012-03-14;562.0
2012-03-15;560.28
2012-03-16;556.05
2012-03-19;563.59
2012-03-20;556.98
2012-03-21;562.1
2012-03-22;567.26
2012-03-23;577.78
2012-03-26;575.56
2012-03-27;579.8
2012-03-28;593.18
2012-03-29;589.66
2012-03-30;580.76
2012-04-02;569.98
2012-04-03;574.19
2012-04-04;563.52
2012-04-05;561.56
2012-04-06;564.16
2012-04-09;565.34
2012-04-10;567.89
2012-04-11;569.3
2012-04-12;576.72
2012-04-13;571.37
2012-04-16;567.64
2012-04-17;563.4
2012-04-18;568.22
2012-04-19;573.48
2012-04-20;576.21
2012-04-23;583.17
2012-04-24;576.45
2012-04-25;586.2
2012-04-26;595.28
2012-04-27;599.81
2012-04-30;610.64
2012-05-01;600.68
2012-05-02;597.68
2012-05-03;593.43
2012-05-04;597.86
2012-05-07;591.74
2012-05-08;596.37
2012-05-09;604.69
2012-05-10;609.04
2012-05-11;610.92
2012-05-14;605.04
2012-05-15;600.07
2012-05-16;607.72
2012-05-17;612.61
2012-05-18;612.52
2012-05-21;610.11
2012-05-22;597.91
2012-05-23;591.65
2012-05-24;603.11
2012-05-25;595.54
2012-05-28;596.81
2012-05-29;602.98
2012-05-30;595.56
2012-05-31;596.81
2012-06-01;602.56
2012-06-04;602.78
2012-06-05;620.22
2012-06-06;610.03
2012-06-07;616.64
2012-06-08;615.73
2012-06-11;620.64
2012-06-12;623.53
2012-06-13;619.11
2012-06-14;620.69
2012-06-15;609.31
2012-06-18;613.14
2012-06-19;615.12
2012-06-20;619.2
2012-06-21;625.91
2012-06-22;628.37
2012-06-25;629.45
2012-06-26;624.07
2012-06-27;619.78
2012-06-28;627.29
2012-06-29;636.45
2012-07-02;635.1
2012-07-03;635.55
2012-07-04;629.96
2012-07-05;637.5
2012-07-06;641.9
2012-07-09;654.53
2012-07-10;648.94
2012-07-11;646.65
2012-07-12;648.31
2012-07-13;652.66
2012-07-16;651.42
2012-07-17;645.89
2012-07-18;651.75
2012-07-19;656.61
2012-07-20;650.76
2012-07-23;659.74
2012-07-24;667.63
2012-07-25;668.69
2012-07-26;669.39
2012-07-27;673.27
2012-07-30;667.63
2012-07-31;668.0
2012-08-01;653.79
2012-08-02;659.68
2012-08-03;649.55
2012-08-06;659.47
2012-08-07;657.46
2012-08-08;656.23
2012-08-09;652.28
2012-08-10;650.56
2012-08-13;659.95
2012-08-14;643.7
2012-08-15;652.08
2012-08-16;654.45
2012-08-17;646.71
2012-08-20;639.92
2012-08-21;650.81
2012-08-22;644.82
2012-08-23;637.54
2012-08-24;644.95
2012-08-27;647.3
2012-08-28;641.39
2012-08-29;642.94
2012-08-30;636.5
2012-08-31;643.67
2012-09-03;650.66
2012-09-04;654.29
2012-09-05;656.82
2012-09-06;668.55
2012-09-07;668.71
2012-09-10;660.98
2012-09-11;664.11
2012-09-12;678.13
2012-09-13;671.42
2012-09-14;669.16
2012-09-17;672.12
2012-09-18;671.92
2012-09-19;665.49
2012-09-20;673.12
2012-09-21;688.91
2012-09-24;690.43
2012-09-25;684.36
2012-09-26;673.93
2012-09-27;675.84
2012-09-28;683.47
2012-10-01;686.89
2012-10-02;687.04
2012-10-03;683.16
2012-10-04;675.87
2012-10-05;681.68
2012-10-08;688.08
2012-10-09;677.62
2012-10-10;688.56
2012-10-11;692.69
2012-10-12;702.56
2012-10-15;693.3
2012-10-16;684.01
2012-10-17;683.16
2012-10-18;686.76
2012-10-19;699.27
2012-10-22;704.38
2012-10-23;702.85
2012-10-24;695.81
2012-10-25;704.55
2012-10-26;697.92
2012-10-29;709.46
2012-10-30;707.62
2012-10-31;719.06
2012-11-01;724.12
2012-11-02;723.31
2012-11-05;719.73
2012-11-06;717.46
2012-11-07;720.71
2012-11-08;721.45
2012-11-09;717.34
2012-11-12;716.33
2012-11-13;717.08
2012-11-14;701.99
2012-11-15;705.38
2012-11-16;698.65
2012-11-19;690.76
2012-11-20;679.28
2012-11-21;667.27
2012-11-22;658.39
2012-11-23;653.89
2012-11-26;666.82
2012-11-27;663.48
2012-11-28;664.83
2012-11-29;667.65
2012-11-30;668.7
2012-12-03;668.35
2012-12-04;660.52
2012-12-05;670.27
2012-12-06;682.55
2012-12-07;671.24
2012-12-10;664.53
2012-12-11;662.84
2012-12-12;656.61
2012-12-13;660.1
2012-12-14;655.46
2012-12-17;669.81
2012-12-18;677.95
2012-12-19;679.56
2012-12-20;686.71
2012-12-21;694.48
2012-12-24;690.74
2012-12-25;685.27
2012-12-26;685.98
2012-12-27;692.06
2012-12-28;693.2
2012-12-31;682.44
2013-01-01;677.13
2013-01-02;676.8
2013-01-03;676.45
2013-01-04;689.97
2013-01-07;680.58
2013-01-08;684.19
2013-01-09;694.55
2013-01-10;710.5
2013-01-11;707.8
2013-01-14;711.46
2013-01-15;715.69
2013-01-16;717.27
2013-01-17;716.74
2013-01-18;720.04
2013-01-21;701.99
2013-01-22;706.95
2013-01-23;708.02
2013-01-24;706.62
2013-01-25;721.26
2013-01-28;716.57
2013-01-29;713.86
2013-01-30;728.26
2013-01-31;722.38
2013-02-01;718.59
2013-02-04;717.71
2013-02-05;723.93
2013-02-06;725.61
2013-02-07;716.41
2013-02-08;712.78
2013-02-11;708.63
2013-02-12;708.26
2013-02-13;711.45
2013-02-14;714.6
2013-02-15;702.09
2013-02-18;709.74
2013-02-19;711.71
2013-02-20;721.74
2013-02-21;725.13
2013-02-22;733.29
2013-02-25;736.9
2013-02-26;747.0
2013-02-27;751.09
2013-02-28;750.54
2013-03-01;767.79
2013-03-04;774.8
2013-03-05;779.44
2013-03-06;769.69
2013-03-07;759.97
2013-03-08;762.38
2013-03-11;763.68
2013-03-12;759.18
2013-03-13;760.44
2013-03-14;772.71
2013-03-15;778.28
2013-03-18;769.59
2013-03-19;768.93
2013-03-20;762.93
2013-03-21;760.16
2013-03-22;757.21
2013-03-25;753.78
2013-03-26;744.51
2013-03-27;743.74
2013-03-28;739.76
2013-03-29;718.27
2013-04-01;733.2
2013-04-02;741.37
2013-04-03;738.76
2013-04-04;739.09
2013-04-05;730.61
2013-04-08;743.18
2013-04-09;757.47
2013-04-10;758.85
2013-04-11;766.8
2013-04-12;768.34
2013-04-15;758.26
2013-04-16;755.33
2013-04-17;756.51
2013-04-18;753.26
2013-04-19;751.8
2013-04-22;751.3
2013-04-23;750.88
2013-04-24;751.46
2013-04-25;743.68
2013-04-26;738.54
2013-04-29;729.23
2013-04-30;736.55
2013-05-01;721.22
2013-05-02;729.72
2013-05-03;740.02
2013-05-06;737.97
2013-05-07;718.94
2013-05-08;716.53
2013-05-09;716.24
2013-05-10;709.19
2013-05-13;705.71
2013-05-14;716.68
2013-05-15;721.63
2013-05-16;715.14
2013-05-17;703.89
2013-05-20;701.76
2013-05-21;700.44
2013-05-22;704.09
2013-05-23;700.5
2013-05-24;704.26
2013-05-27;718.06
2013-05-28;724.1
2013-05-29;723.93
2013-05-30;722.79
2013-05-31;720.39
2013-06-03;729.07
2013-06-04;724.68
2013-06-05;725.19
2013-06-06;725.74
2013-06-07;722.28
2013-06-10;712.55
2013-06-11;715.03
2013-06-12;714.77
2013-06-13;718.53
2013-06-14;714.87
2013-06-17;723.78
2013-06-18;717.61
2013-06-19;730.08
2013-06-20;717.5
2013-06-21;720.8
2013-06-24;724.41
2013-06-25;718.83
2013-06-26;722.06
2013-06-27;731.48
2013-06-28;715.44
2013-07-01;719.22
2013-07-02;701.47
2013-07-03;694.87
2013-07-04;706.36
2013-07-05;702.43
2013-07-08;694.36
2013-07-09;693.16
2013-07-10;707.67
2013-07-11;694.88
2013-07-12;687.75
2013-07-15;698.22
2013-07-16;711.37
2013-07-17;710.81
2013-07-18;702.18
2013-07-19;717.07
2013-07-22;728.68
2013-07-23;733.81
2013-07-24;728.03
2013-07-25;727.86
2013-07-26;726.87
2013-07-29;729.46
2013-07-30;740.23
2013-07-31;746.92
2013-08-01;739.06
2013-08-02;749.42
2013-08-05;751.95
2013-08-06;757.31
2013-08-07;768.6
2013-08-08;760.25
2013-08-09;760.17
2013-08-12;756.32
2013-08-13;744.65
2013-08-14;747.42
2013-08-15;766.38
2013-08-16;752.47
2013-08-19;752.41
2013-08-20;757.42
2013-08-21;758.54
2013-08-22;757.87
2013-08-23;748.22
2013-08-26;750.14
2013-08-27;744.66
2013-08-28;728.53
2013-08-29;737.42
2013-08-30;744.67
2013-09-02;745.24
2013-09-03;747.14
2013-09-04;755.35
2013-09-05;757.23
2013-09-06;764.27
2013-09-09;762.18
2013-09-10;772.38
2013-09-11;775.05
2013-09-12;776.74
2013-09-13;767.07
2013-09-16;769.47
2013-09-17;763.26
2013-09-18;758.58
2013-09-19;752.58
2013-09-20;744.74
2013-09-23;760.75
2013-09-24;771.07
2013-09-25;786.07
2013-09-26;776.66
2013-09-27;777.4
2013-09-30;767.54
2013-10-01;762.39
2013-10-02;755.59
2013-10-03;765.14
2013-10-04;762.3
2013-10-07;770.63
2013-10-08;775.48
2013-10-09;793.54
2013-10-10;782.0
2013-10-11;792.04
2013-10-14;801.32
2013-10-15;793.72
2013-10-16;801.91
2013-10-17;804.81
2013-10-18;803.18
2013-10-21;796.76
2013-10-22;791.23
2013-10-23;807.65
2013-10-24;807.86
2013-10-25;814.38
2013-10-28;808.14
2013-10-29;802.04
2013-10-30;810.92
2013-10-31;800.18
2013-11-01;797.05
2013-11-04;797.52
2013-11-05;798.61
2013-11-06;797.38
2013-11-07;800.74
2013-11-08;806.49
2013-11-11;812.61
2013-11-12;804.8
2013-11-13;802.72
2013-11-14;812.51
2013-11-15;819.98
2013-11-18;808.93
2013-11-19;811.98
2013-11-20;796.12
2013-11-21;796.69
2013-11-22;812.01
2013-11-25;804.51
2013-11-26;798.0
2013-11-27;804.3
2013-11-28;792.09
2013-11-29;787.28
2013-12-02;792.17
2013-12-03;787.34
2013-12-04;785.68
2013-12-05;791.72
2013-12-06;795.26
2013-12-09;797.58
2013-12-10;795.08
2013-12-11;798.22
2013-12-12;797.43
2013-12-13;801.28
2013-12-16;797.5
2013-12-17;796.24
2013-12-18;788.56
2013-12-19;788.48
2013-12-20;782.28
2013-12-23;773.76
2013-12-24;775.96
2013-12-25;777.8
2013-12-26;784.08
2013-12-27;780.9
2013-12-30;784.28
2013-12-31;788.8
2014-01-01;792.5
2014-01-02;786.16
2014-01-03;787.53
2014-01-06;790.59
2014-01-07;790.85
2014-01-08;774.54
2014-01-09;775.98
2014-01-10;793.34
2014-01-13;790.69
2014-01-14;785.13
2014-01-15;788.25
2014-01-16;790.91
2014-01-17;800.55
2014-01-20;790.68
2014-01-21;796.66
2014-01-22;801.56
2014-01-23;800.62
2014-01-24;803.53
2014-01-27;812.0
2014-01-28;819.29
2014-01-29;810.13
2014-01-30;816.98
2014-01-31;816.65
2014-02-03;817.45
2014-02-04;818.26
2014-02-05;817.23
2014-02-06;827.17
2014-02-07;826.69
2014-02-10;817.64
2014-02-11;814.63
2014-02-12;816.29
2014-02-13;826.52
2014-02-14;831.72
2014-02-17;824.85
2014-02-18;845.55
2014-02-19;848.0
2014-02-20;859.03
2014-02-21;857.94
2014-02-24;862.73
2014-02-25;870.19
2014-02-26;881.01
2014-02-27;890.55
2014-02-28;898.54
2014-03-03;895.93
2014-03-04;891.03
2014-03-05;894.22
2014-03-06;902.78
2014-03-07;901.0
2014-03-10;910.82
2014-03-11;924.28
2014-03-12;916.04
2014-03-13;908.61
2014-03-14;907.56
2014-03-17;910.58
2014-03-18;906.03
2014-03-19;918.5
2014-03-20;922.63
2014-03-21;923.22
2014-03-24;910.2
2014-03-25;898.45
2014-03-26;901.2
2014-03-27;882.2
2014-03-28;891.36
2014-03-31;890.17
2014-04-01;919.26
2014-04-02;940.71
2014-04-03;939.24
2014-04-04;938.47
2014-04-07;948.05
2014-04-08;964.44
2014-04-09;948.88
2014-04-10;932.17
2014-04-11;926.6
2014-04-14;932.23
2014-04-15;937.1
2014-04-16;947.36
2014-04-17;936.23
2014-04-18;914.78
2014-04-21;922.85
2014-04-22;915.44
2014-04-23;897.19
2014-04-24;898.72
2014-04-25;906.07
2014-04-28;905.19
2014-04-29;901.27
2014-04-30;900.06
2014-05-01;896.95
2014-05-02;885.09
2014-05-05;878.98
2014-05-06;883.78
2014-05-07;886.85
2014-05-08;888.56
2014-05-09;879.94
2014-05-12;878.56
2014-05-13;859.65
2014-05-14;861.4
2014-05-15;873.93
2014-05-16;861.26
2014-05-19;856.43
2014-05-20;859.46
2014-05-21;870.45
2014-05-22;866.76
2014-05-23;860.98
2014-05-26;844.24
2014-05-27;845.33
2014-05-28;862.8
2014-05-29;865.41
2014-05-30;865.43
2014-06-02;868.44
2014-06-03;868.56
2014-06-04;861.71
2014-06-05;869.02
2014-06-06;871.2
2014-06-09;871.57
2014-06-10;863.29
2014-06-11;874.76
2014-06-12;880.79
2014-06-13;876.14
2014-06-16;885.14
2014-06-17;880.96
2014-06-18;874.29
2014-06-19;867.86
2014-06-20;852.71
2014-06-23;856.94
2014-06-24;841.47
2014-06-25;831.34
2014-06-26;814.29
2014-06-27;813.8
2014-06-30;812.78
2014-07-01;810.32
2014-07-02;802.08
2014-07-03;792.88
2014-07-04;796.76
2014-07-07;792.57
2014-07-08;795.27
2014-07-09;788.43
2014-07-10;790.06
2014-07-11;800.55
2014-07-14;805.44
2014-07-15;802.32
2014-07-16;804.59
2014-07-17;802.85
2014-07-18;803.12
2014-07-21;800.7
2014-07-22;799.59
2014-07-23;801.48
2014-07-24;793.72
2014-07-25;785.86
2014-07-28;775.14
2014-07-29;762.93
2014-07-30;753.83
2014-07-31;755.22
2014-08-01;748.67
2014-08-04;752.7
2014-08-05;753.15
2014-08-06;738.52
2014-08-07;743.54
2014-08-08;749.75
2014-08-11;742.49
2014-08-12;745.79
2014-08-13;739.59
2014-08-14;740.5
2014-08-15;731.32
2014-08-18;718.39
2014-08-19;715.82
2014-08-20;715.11
2014-08-21;712.45
2014-08-22;704.19
2014-08-25;701.55
2014-08-26;703.61
2014-08-27;703.47
2014-08-28;704.93
2014-08-29;700.39
2014-09-01;708.77
2014-09-02;700.61
2014-09-03;704.2
2014-09-04;712.7
2014-09-05;716.3
2014-09-08;715.03
2014-09-09;711.43
2014-09-10;718.98
2014-09-11;708.93
2014-09-12;702.23
2014-09-15;699.62
2014-09-16;708.45
2014-09-17;711.32
2014-09-18;704.61
2014-09-19;702.6
2014-09-22;698.46
2014-09-23;693.68
2014-09-24;700.64
2014-09-25;691.2
2014-09-26;702.5
2014-09-29;708.49
2014-09-30;716.4
2014-10-01;713.26
2014-10-02;712.37
2014-10-03;702.34
2014-10-06;698.83
2014-10-07;702.45
2014-10-08;711.73
2014-10-09;704.03
2014-10-10;701.63
2014-10-13;700.75
2014-10-14;691.14
2014-10-15;695.4
2014-10-16;690.54
2014-10-17;689.36
2014-10-20;686.42
2014-10-21;681.17
2014-10-22;681.29
2014-10-23;680.0
2014-10-24;677.64
2014-10-27;672.87
2014-10-28;675.19
2014-10-29;686.52
2014-10-30;687.65
2014-10-31;694.68
2014-11-03;685.19
2014-11-04;686.44
2014-11-05;679.08
2014-11-06;669.22
2014-11-07;664.44
2014-11-10;672.53
2014-11-11;679.09
2014-11-12;680.91
2014-11-13;670.64
2014-11-14;669.49
2014-11-17;671.68
2014-11-18;673.03
2014-11-19;660.78
2014-11-20;655.07
2014-11-21;654.81
2014-11-24;658.49
2014-11-25;644.19
2014-11-26;643.31
2014-11-27;644.39
2014-11-28;650.02
2014-12-01;654.69
2014-12-02;658.67
2014-12-03;653.56
2014-12-04;641.26
2014-12-05;638.9
2014-12-08;645.45
2014-12-09;654.61
2014-12-10;659.43
2014-12-11;662.42
2014-12-12;665.1
2014-12-15;661.57
2014-12-16;660.87
2014-12-17;672.07
2014-12-18;665.9
2014-12-19;676.82
2014-12-22;674.81
2014-12-23;683.93
2014-12-24;674.47
2014-12-25;678.6
2014-12-26;673.76
2014-12-29;664.4
2014-12-30;666.02
2014-12-31;672.91
2015-01-01;667.39
2015-01-02;657.55
2015-01-05;657.11
2015-01-06;656.7
2015-01-07;660.47
2015-01-08;666.9
2015-01-09;666.67
2015-01-12;679.21
2015-01-13;680.9
2015-01-14;678.71
2015-01-15;667.95
2015-01-16;666.36
2015-01-19;664.28
2015-01-20;670.83
2015-01-21;674.1
2015-01-22;666.32
2015-01-23;667.63
2015-01-26;672.28
2015-01-27;682.72
2015-01-28;688.95
2015-01-29;694.37
2015-01-30;694.96
2015-02-02;697.83
2015-02-03;706.72
2015-02-04;697.48
2015-02-05;695.22
2015-02-06;690.02
2015-02-09;692.81
2015-02-10;701.51
2015-02-11;697.49
2015-02-12;681.0
2015-02-13;678.36
2015-02-16;684.73
2015-02-17;688.58
2015-02-18;691.7
2015-02-19;689.93
2015-02-20;681.28
2015-02-23;684.96
2015-02-24;679.42
2015-02-25;694.43
2015-02-26;698.56
2015-02-27;694.68
2015-03-02;690.61
2015-03-03;690.14
2015-03-04;688.66
2015-03-05;696.52
2015-03-06;698.0
2015-03-09;693.06
2015-03-10;706.34
2015-03-11;706.86
2015-03-12;712.48
2015-03-13;708.32
2015-03-16;711.07
2015-03-17;713.46
2015-03-18;700.16
2015-03-19;714.44
2015-03-20;723.84
2015-03-23;721.15
2015-03-24;713.38
2015-03-25;716.03
2015-03-26;716.83
2015-03-27;719.56
2015-03-30;721.12
2015-03-31;724.95
2015-04-01;735.63
2015-04-02;739.99
2015-04-03;732.41
2015-04-06;742.57
2015-04-07;754.94
2015-04-08;778.92
2015-04-09;770.37
2015-04-10;772.43
2015-04-13;756.54
2015-04-14;760.91
2015-04-15;756.93
2015-04-16;771.68
2015-04-17;765.9
2015-04-20;753.15
2015-04-21;749.79
2015-04-22;735.17
2015-04-23;740.87
2015-04-24;725.76
2015-04-27;726.14
2015-04-28;711.24
2015-04-29;709.14
2015-04-30;720.97
2015-05-01;723.75
2015-05-04;717.68
2015-05-05;717.64
2015-05-06;717.95
2015-05-07;721.52
2015-05-08;711.84
2015-05-11;716.23
2015-05-12;697.04
2015-05-13;692.83
2015-05-14;689.62
2015-05-15;694.16
2015-05-18;694.49
2015-05-19;684.9
2015-05-20;678.32
2015-05-21;679.84
2015-05-22;679.47
2015-05-25;675.71
2015-05-26;672.63
2015-05-27;677.48
2015-05-28;674.14
2015-05-29;673.72
2015-06-01;688.5
2015-06-02;678.87
2015-06-03;666.47
2015-06-04;671.86
2015-06-05;667.47
2015-06-08;665.51
2015-06-09;660.48
2015-06-10;658.93
2015-06-11;669.63
2015-06-12;675.16
2015-06-15;681.15
2015-06-16;671.68
2015-06-17;664.11
2015-06-18;645.43
2015-06-19;640.36
2015-06-22;646.65
2015-06-23;650.15
2015-06-24;648.88
2015-06-25;648.89
2015-06-26;644.59
2015-06-29;646.07
2015-06-30;651.18
2015-07-01;640.82
2015-07-02;642.9
2015-07-03;649.05
2015-07-06;646.52
2015-07-07;651.21
2015-07-08;669.7
2015-07-09;669.17
2015-07-10;671.97
2015-07-13;667.18
2015-07-14;668.56
2015-07-15;671.8
2015-07-16;673.28
2015-07-17;666.58
2015-07-20;668.12
2015-07-21;678.06
2015-07-22;681.27
2015-07-23;688.0
2015-07-24;686.54
2015-07-27;691.86
2015-07-28;693.96
2015-07-29;687.54
2015-07-30;689.9
2015-07-31;683.23
2015-08-03;679.08
2015-08-04;680.53
2015-08-05;682.72
2015-08-06;674.78
2015-08-07;682.06
2015-08-10;686.13
2015-08-11;681.46
2015-08-12;671.16
2015-08-13;670.35
2015-08-14;667.53
2015-08-17;668.45
2015-08-18;666.19
2015-08-19;652.99
2015-08-20;650.61
2015-08-21;648.79
2015-08-24;653.06
2015-08-25;648.66
2015-08-26;659.72
2015-08-27;647.27
2015-08-28;655.92
2015-08-31;654.61
2015-09-01;660.4
2015-09-02;661.09
2015-09-03;668.79
2015-09-04;666.37
2015-09-07;659.21
2015-09-08;668.74
2015-09-09;668.15
2015-09-10;669.8
2015-09-11;678.24
2015-09-14;671.41
2015-09-15;675.57
2015-09-16;671.76
2015-09-17;671.04
2015-09-18;671.69
2015-09-21;661.78
2015-09-22;656.79
2015-09-23;665.83
2015-09-24;671.9
2015-09-25;671.64
2015-09-28;673.44
2015-09-29;671.63
2015-09-30;680.91
2015-10-01;679.72
2015-10-02;681.46
2015-10-05;689.44
2015-10-06;684.26
2015-10-07;695.09
2015-10-08;684.63
2015-10-09;695.96
2015-10-12;693.54
2015-10-13;692.03
2015-10-14;679.12
2015-10-15;676.2
2015-10-16;669.34
2015-10-19;665.44
2015-10-20;664.69
2015-10-21;671.22
2015-10-22;672.79
2015-10-23;675.02
2015-10-26;667.8
2015-10-27;662.08
2015-10-28;674.16
2015-10-29;669.37
2015-10-30;680.62
2015-11-02;679.14
2015-11-03;679.32
2015-11-04;686.77
2015-11-05;695.67
2015-11-06;695.08
2015-11-09;692.55
2015-11-10;692.34
2015-11-11;694.85
2015-11-12;701.22
2015-11-13;701.42
2015-11-16;705.94
2015-11-17;717.68
2015-11-18;720.6
2015-11-19;723.02
2015-11-20;712.22
2015-11-23;693.66
2015-11-24;696.53
2015-11-25;696.04
2015-11-26;692.63
2015-11-27;694.49
2015-11-30;694.25
2015-12-01;702.25
2015-12-02;703.03
2015-12-03;697.96
2015-12-04;705.04
2015-12-07;703.69
2015-12-08;707.57
2015-12-09;704.37
2015-12-10;699.97
2015-12-11;700.73
2015-12-14;700.99
2015-12-15;704.53
2015-12-16;702.82
2015-12-17;690.09
2015-12-18;687.27
2015-12-21;692.9
2015-12-22;691.01
2015-12-23;689.48
2015-12-24;696.46
2015-12-25;691.67
2015-12-28;681.17
2015-12-29;680.25
2015-12-30;677.13
2015-12-31;670.75
2016-01-01;669.74
2016-01-04;673.2
2016-01-05;673.31
2016-01-06;675.54
2016-01-07;687.96
2016-01-08;685.78
2016-01-11;687.86
2016-01-12;684.53
2016-01-13;678.9
2016-01-14;675.1
2016-01-15;672.04
2016-01-18;674.62
2016-01-19;690.64
2016-01-20;685.87
2016-01-21;683.18
2016-01-22;682.92
2016-01-25;685.79
2016-01-26;687.77
2016-01-27;696.78
2016-01-28;680.04
2016-01-29;663.98
2016-02-01;660.86
2016-02-02;668.27
2016-02-03;657.98
2016-02-04;638.35
2016-02-05;642.16
2016-02-08;643.88
2016-02-09;637.02
2016-02-10;630.9
2016-02-11;624.94
2016-02-12;625.79
2016-02-15;622.03
2016-02-16;625.26
2016-02-17;607.56
2016-02-18;602.51
2016-02-19;595.88
2016-02-22;594.5
2016-02-23;591.45
2016-02-24;596.31
2016-02-25;585.38
2016-02-26;585.79
2016-02-29;589.21
2016-03-01;600.29
2016-03-02;597.55
2016-03-03;599.64
2016-03-04;588.97
2016-03-07;575.03
2016-03-08;580.03
2016-03-09;580.15
2016-03-10;587.13
2016-03-11;579.21
2016-03-14;582.37
2016-03-15;593.4
2016-03-16;596.03
2016-03-17;597.83
2016-03-18;598.03
2016-03-21;588.79
2016-03-22;596.92
2016-03-23;593.42
2016-03-24;596.56
2016-03-25;587.39
2016-03-28;580.61
2016-03-29;589.08
2016-03-30;587.18
2016-03-31;595.86
2016-04-01;595.55
2016-04-04;584.73
2016-04-05;590.09
2016-04-06;586.76
2016-04-07;591.0
2016-04-08;591.3
2016-04-11;582.32
2016-04-12;583.42
2016-04-13;596.38
2016-04-14;599.47
2016-04-15;599.28
2016-04-18;605.87
2016-04-19;607.3
2016-04-20;608.72
2016-04-21;602.23
2016-04-22;603.79
2016-04-25;610.19
2016-04-26;605.24
2016-04-27;614.02
2016-04-28;613.61
2016-04-29;608.31
2016-05-02;614.53
2016-05-03;612.93
2016-05-04;617.73
2016-05-05;616.09
2016-05-06;615.87
2016-05-09;619.06
2016-05-10;621.02
2016-05-11;608.78
2016-05-12;602.11
2016-05-13;607.86
2016-05-16;607.2
2016-05-17;604.18
2016-05-18;596.12
2016-05-19;589.83
2016-05-20;578.05
2016-05-23;577.61
2016-05-24;574.3
2016-05-25;568.89
2016-05-26;568.65
2016-05-27;570.86
2016-05-30;582.95
2016-05-31;574.28
2016-06-01;581.09
2016-06-02;586.89
2016-06-03;582.46
2016-06-06;583.79
2016-06-07;581.26
2016-06-08;582.49
2016-06-09;591.42
2016-06-10;595.15
2016-06-13;598.33
2016-06-14;595.9
2016-06-15;587.21
2016-06-16;586.13
2016-06-17;593.35
2016-06-20;584.44
2016-06-21;578.42
2016-06-22;579.29
2016-06-23;573.73
2016-06-24;569.33
2016-06-27;567.06
2016-06-28;559.46
2016-06-29;554.15
2016-06-30;558.19
2016-07-01;551.03
2016-07-04;542.36
2016-07-05;539.08
2016-07-06;543.16
2016-07-07;542.23
2016-07-08;539.84
2016-07-11;540.22
2016-07-12;530.92
2016-07-13;533.68
2016-07-14;535.86
2016-07-15;533.8
2016-07-18;539.3
2016-07-19;533.36
2016-07-20;539.51
2016-07-21;540.48
2016-07-22;538.79
2016-07-25;538.82
2016-07-26;538.38
2016-07-27;545.08
2016-07-28;539.35
2016-07-29;535.37
2016-08-01;541.05
2016-08-02;537.97
2016-08-03;542.94
2016-08-04;552.31
2016-08-05;550.23
2016-08-08;554.11
2016-08-09;547.86
2016-08-10;552.13
2016-08-11;553.37
2016-08-12;556.13
2016-08-15;552.67
2016-08-16;543.63
2016-08-17;546.5
2016-08-18;535.36
2016-08-19;533.8
2016-08-22;538.96
2016-08-23;540.12
2016-08-24;550.78
2016-08-25;556.57
2016-08-26;553.07
2016-08-29;553.36
2016-08-30;553.23
2016-08-31;544.62
2016-09-01;539.63
2016-09-02;536.74
2016-09-05;525.95
2016-09-06;526.33
2016-09-07;525.15
2016-09-08;516.49
2016-09-09;518.71
2016-09-12;522.55
2016-09-13;523.87
2016-09-14;522.3
2016-09-15;525.52
2016-09-16;529.23
2016-09-19;530.99
2016-09-20;526.74
2016-09-21;528.33
2016-09-22;534.78
2016-09-23;531.72
2016-09-26;543.01
2016-09-27;540.29
2016-09-28;540.6
2016-09-29;537.1
2016-09-30;538.44
2016-10-03;529.19
2016-10-04;526.43
2016-10-05;520.82
2016-10-06;521.65
2016-10-07;526.97
2016-10-10;530.5
2016-10-11;518.06
2016-10-12;528.76
2016-10-13;530.46
2016-10-14;526.47
2016-10-17;527.43
2016-10-18;528.49
2016-10-19;525.1
2016-10-20;526.27
2016-10-21;523.2
2016-10-24;521.22
2016-10-25;517.77
2016-10-26;510.48
2016-10-27;511.36
2016-10-28;514.48
2016-10-31;517.25
2016-11-01;521.62
2016-11-02;523.45
2016-11-03;520.79
2016-11-04;525.29
2016-11-07;518.29
2016-11-08;513.75
2016-11-09;508.93
2016-11-10;514.55
2016-11-11;519.53
2016-11-14;522.19
2016-11-15;527.92
2016-11-16;523.41
2016-11-17;525.37
2016-11-18;524.84
2016-11-21;529.42
2016-11-22;528.94
2016-11-23;527.04
2016-11-24;530.02
2016-11-25;534.79
2016-11-28;531.35
2016-11-29;531.16
2016-11-30;525.67
2016-12-01;512.67
2016-12-02;513.83
2016-12-05;517.09
2016-12-06;518.57
2016-12-07;508.59
2016-12-08;506.93
2016-12-09;495.81
2016-12-12;502.73
2016-12-13;497.4
2016-12-14;503.76
2016-12-15;508.65
2016-12-16;504.2
2016-12-19;498.62
2016-12-20;500.49
2016-12-21;496.39
2016-12-22;497.02
2016-12-23;494.74
2016-12-26;486.06
2016-12-27;475.34
2016-12-28;476.53
2016-12-29;473.98
2016-12-30;471.47
2017-01-02;474.87
2017-01-03;480.56
2017-01-04;479.37
2017-01-05;477.86
2017-01-06;480.37
2017-01-09;473.97
2017-01-10;475.15
2017-01-11;477.89
2017-01-12;481.26
2017-01-13;472.06
2017-01-16;468.58
2017-01-17;464.58
2017-01-18;465.16
2017-01-19;467.52
2017-01-20;474.63
2017-01-23;472.4
2017-01-24;470.17
2017-01-25;475.69
2017-01-26;477.22
2017-01-27;483.39
2017-01-30;484.91
2017-01-31;479.42
2017-02-01;473.14
2017-02-02;465.92
2017-02-03;469.12
2017-02-06;474.82
2017-02-07;483.72
2017-02-08;487.91
2017-02-09;493.71
2017-02-10;490.97
2017-02-13;485.42
2017-02-14;489.66
2017-02-15;491.83
2017-02-16;492.48
2017-02-17;494.51
2017-02-20;496.24
2017-02-21;502.73
2017-02-22;509.37
2017-02-23;512.27
2017-02-24;516.73
2017-02-27;519.51
2017-02-28;517.25
2017-03-01;521.29
2017-03-02;514.15
2017-03-03;519.7
2017-03-06;513.62
2017-03-07;515.21
2017-03-08;510.99
2017-03-09;513.94
2017-03-10;513.9
2017-03-13;505.83
2017-03-14;508.09
2017-03-15;505.28
2017-03-16;509.86
2017-03-17;509.99
2017-03-20;512.13
2017-03-21;507.36
2017-03-22;504.49
2017-03-23;502.31
2017-03-24;506.74
2017-03-27;515.36
2017-03-28;511.34
2017-03-29;516.98
2017-03-30;505.89
2017-03-31;499.97
2017-04-03;495.3
2017-04-04;488.73
2017-04-05;481.11
2017-04-06;483.22
2017-04-07;482.31
2017-04-10;484.26
2017-04-11;487.72
2017-04-12;489.14
2017-04-13;492.48
2017-04-14;492.26
2017-04-17;486.54
2017-04-18;491.81
2017-04-19;489.03
2017-04-20;484.58
2017-04-21;483.84
2017-04-24;479.54
2017-04-25;477.66
2017-04-26;479.42
2017-04-27;481.21
2017-04-28;477.01
2017-05-01;474.81
2017-05-02;480.03
2017-05-03;482.53
2017-05-04;492.66
2017-05-05;498.6
2017-05-08;504.43
2017-05-09;497.56
2017-05-10;501.48
2017-05-11;501.34
2017-05-12;498.7
2017-05-15;499.67
2017-05-16;504.51
2017-05-17;507.17
2017-05-18;502.84
2017-05-19;506.7
2017-05-22;503.59
2017-05-23;504.81
2017-05-24;503.4
2017-05-25;502.43
2017-05-26;506.4
2017-05-29;501.26
2017-05-30;511.14
2017-05-31;501.96
2017-06-01;499.08
2017-06-02;501.06
2017-06-05;504.11
2017-06-06;503.73
2017-06-07;503.57
2017-06-08;505.76
2017-06-09;504.72
2017-06-12;511.87
2017-06-13;516.3
2017-06-14;520.93
2017-06-15;516.03
2017-06-16;515.75
2017-06-19;514.33
2017-06-20;509.29
2017-06-21;511.25
2017-06-22;508.63
2017-06-23;512.09
2017-06-26;506.74
2017-06-27;515.57
2017-06-28;511.08
2017-06-29;512.33
2017-06-30;516.51
2017-07-03;513.7
2017-07-04;518.2
2017-07-05;511.96
2017-07-06;519.53
2017-07-07;519.73
2017-07-10;516.76
2017-07-11;515.34
2017-07-12;519.64
2017-07-13;516.73
2017-07-14;512.99
2017-07-17;511.98
2017-07-18;506.08
2017-07-19;515.42
2017-07-20;512.63
2017-07-21;517.02
2017-07-24;518.24
2017-07-25;513.26
2017-07-26;513.36
2017-07-27;517.52
2017-07-28;516.67
2017-07-31;522.96
2017-08-01;528.44
2017-08-02;533.42
2017-08-03;531.11
2017-08-04;525.5
2017-08-07;522.41
2017-08-08;523.57
2017-08-09;526.56
2017-08-10;515.25
2017-08-11;515.34
2017-08-14;516.28
2017-08-15;514.98
2017-08-16;521.76
2017-08-17;524.09
2017-08-18;531.09
2017-08-21;530.07
2017-08-22;535.17
2017-08-23;544.06
2017-08-24;551.33
2017-08-25;545.45
2017-08-28;544.2
2017-08-29;542.46
2017-08-30;545.25
2017-08-31;549.13
2017-09-01;544.66
2017-09-04;545.16
2017-09-05;534.29
2017-09-06;542.12
2017-09-07;539.48
2017-09-08;539.92
2017-09-11;538.38
2017-09-12;544.69
2017-09-13;529.37
2017-09-14;529.41
2017-09-15;528.98
2017-09-18;526.72
2017-09-19;535.94
2017-09-20;531.32
2017-09-21;535.55
2017-09-22;537.59
2017-09-25;544.51
2017-09-26;541.01
2017-09-27;537.18
2017-09-28;543.2
2017-09-29;545.65
2017-10-02;537.36
2017-10-03;534.59
2017-10-04;536.79
2017-10-05;541.42
2017-10-06;537.88
2017-10-09;522.34
2017-10-10;525.2
2017-10-11;518.93
2017-10-12;508.59
2017-10-13;494.31
2017-10-16;498.46
2017-10-17;499.22
2017-10-18;498.22
2017-10-19;505.27
2017-10-20;508.61
2017-10-23;516.96
2017-10-24;509.89
2017-10-25;509.84
2017-10-26;501.73
2017-10-27;500.7
2017-10-30;499.58
2017-10-31;502.84
2017-11-01;503.19
2017-11-02;506.45
2017-11-03;510.14
2017-11-06;521.26
2017-11-07;519.75
2017-11-08;514.99
2017-11-09;516.39
2017-11-10;512.37
2017-11-13;520.09
2017-11-14;518.75
2017-11-15;515.95
2017-11-16;513.64
2017-11-17;517.46
2017-11-20;516.78
2017-11-21;513.59
2017-11-22;522.27
2017-11-23;517.93
2017-11-24;518.24
2017-11-27;521.75
2017-11-28;513.37
2017-11-29;515.97
2017-11-30;510.65
2017-12-01;514.98
2017-12-04;510.15
2017-12-05;513.81
2017-12-06;519.62
2017-12-07;524.23
2017-12-08;525.68
2017-12-11;524.59
2017-12-12;521.7
2017-12-13;529.51
2017-12-14;525.93
2017-12-15;520.61
2017-12-18;524.21
2017-12-19;520.16
2017-12-20;515.35
2017-12-21;508.04
2017-12-22;505.71
2017-12-25;505.42
2017-12-26;506.78
2017-12-27;511.72
2017-12-28;514.55
2017-12-29;513.7
2018-01-01;512.81
2018-01-02;515.55
2018-01-03;522.24
2018-01-04;523.03
2018-01-05;520.71
2018-01-08;515.67
2018-01-09;508.34
2018-01-10;511.86
2018-01-11;514.94
2018-01-12;518.05
2018-01-15;517.51
2018-01-16;524.92
2018-01-17;522.51
2018-01-18;527.63
2018-01-19;527.56
2018-01-22;524.48
2018-01-23;527.72
2018-01-24;530.01
2018-01-25;532.04
2018-01-26;532.6
2018-01-29;532.53
2018-01-30;545.39
2018-01-31;551.98
2018-02-01;556.11
2018-02-02;556.87
2018-02-05;562.62
2018-02-06;565.67
2018-02-07;565.96
2018-02-08;564.39
2018-02-09;564.07
2018-02-12;546.33
2018-02-13;547.62
2018-02-14;545.08
2018-02-15;553.9
2018-02-16;554.14
2018-02-19;547.69
2018-02-20;547.55
2018-02-21;541.96
2018-02-22;544.66
2018-02-23;546.39
2018-02-26;551.76
2018-02-27;547.53
2018-02-28;547.85
2018-03-01;540.51
2018-03-02;544.44
2018-03-05;547.4
2018-03-06;550.25
2018-03-07;550.4
2018-03-08;552.82
2018-03-09;561.82
2018-03-12;560.36
2018-03-13;561.28
2018-03-14;555.32
2018-03-15;550.64
2018-03-16;551.32
2018-03-19;557.54
2018-03-20;556.25
2018-03-21;555.08
2018-03-22;552.96
2018-03-23;550.14
2018-03-26;551.9
2018-03-27;543.78
2018-03-28;550.88
2018-03-29;547.35
2018-03-30;551.44
2018-04-02;544.57
2018-04-03;548.35
2018-04-04;552.17
2018-04-05;554.43
2018-04-06;549.06
2018-04-09;550.56
2018-04-10;544.19
2018-04-11;542.95
2018-04-12;548.67
2018-04-13;553.18
2018-04-16;553.4
2018-04-17;548.15
2018-04-18;551.82
2018-04-19;552.07
2018-04-20;539.4
2018-04-23;543.75
2018-04-24;543.76
2018-04-25;550.43
2018-04-26;544.54
2018-04-27;527.38
2018-04-30;528.98
2018-05-01;530.66
2018-05-02;521.82
2018-05-03;516.84
2018-05-04;531.21
2018-05-07;529.72
2018-05-08;533.73
2018-05-09;530.39
2018-05-10;519.43
2018-05-11;518.68
2018-05-14;517.43
2018-05-15;515.49
2018-05-16;515.03
2018-05-17;516.52
2018-05-18;515.87
2018-05-21;509.48
2018-05-22;512.08
2018-05-23;502.23
2018-05-24;492.06
2018-05-25;495.82
2018-05-28;498.46
2018-05-29;498.29
2018-05-30;491.47
2018-05-31;488.11
2018-06-01;486.95
2018-06-04;479.3
2018-06-05;475.88
2018-06-06;479.1
2018-06-07;486.06
2018-06-08;484.14
2018-06-11;487.92
2018-06-12;478.71
2018-06-13;481.98
2018-06-14;478.23
2018-06-15;479.82
2018-06-18;478.75
2018-06-19;485.19
2018-06-20;481.07
2018-06-21;484.21
2018-06-22;482.98
2018-06-25;482.33
2018-06-26;481.57
2018-06-27;477.61
2018-06-28;477.67
2018-06-29;477.49
2018-07-02;478.76
2018-07-03;479.28
2018-07-04;483.23
2018-07-05;487.81
2018-07-06;482.81
2018-07-09;487.12
2018-07-10;481.47
2018-07-11;484.42
2018-07-12;487.54
2018-07-13;478.34
2018-07-16;478.91
2018-07-17;476.78
2018-07-18;473.28
2018-07-19;479.8
2018-07-20;476.78
2018-07-23;473.05
2018-07-24;473.53
2018-07-25;476.9
2018-07-26;476.34
2018-07-27;482.01
2018-07-30;484.69
2018-07-31;474.26
2018-08-01;471.87
2018-08-02;469.33
2018-08-03;471.7
2018-08-06;459.44
2018-08-07;471.26
2018-08-08;473.88
2018-08-09;474.71
2018-08-10;480.43
2018-08-13;491.81
2018-08-14;496.22
2018-08-15;501.05
2018-08-16;501.83
2018-08-17;501.25
2018-08-20;498.99
2018-08-21;494.99
2018-08-22;491.71
2018-08-23;485.19
2018-08-24;484.95
2018-08-27;476.9
2018-08-28;477.93
2018-08-29;477.87
2018-08-30;478.7
2018-08-31;476.32
2018-09-03;491.09
2018-09-04;497.89
2018-09-05;491.82
2018-09-06;493.09
2018-09-07;490.22
2018-09-10;485.36
2018-09-11;478.98
2018-09-12;481.17
2018-09-13;478.01
2018-09-14;482.76
2018-09-17;487.68
2018-09-18;494.5
2018-09-19;490.41
2018-09-20;492.86
2018-09-21;496.1
2018-09-24;493.87
2018-09-25;490.19
2018-09-26;498.2
2018-09-27;499.46
2018-09-28;502.76
2018-10-01;498.75
2018-10-02;492.79
2018-10-03;490.11
2018-10-04;489.63
2018-10-05;484.54
2018-10-08;484.61
2018-10-09;476.55
2018-10-10;471.33
2018-10-11;474.61
2018-10-12;477.59
2018-10-15;475.84
2018-10-16;471.12
2018-10-17;466.4
2018-10-18;464.77
2018-10-19;467.88
2018-10-22;472.34
2018-10-23;470.12
2018-10-24;464.81
2018-10-25;466.17
2018-10-26;462.45
2018-10-29;460.17
2018-10-30;466.38
2018-10-31;470.36
2018-11-01;471.22
2018-11-02;465.34
2018-11-05;466.44
2018-11-06;471.51
2018-11-07;469.86
2018-11-08;476.33
2018-11-09;482.6
2018-11-12;490.75
2018-11-13;492.37
2018-11-14;495.39
2018-11-15;502.52
2018-11-16;504.89
2018-11-19;502.49
2018-11-20;500.36
2018-11-21;501.68
2018-11-22;495.33
2018-11-23;494.74
2018-11-26;500.29
2018-11-27;489.46
2018-11-28;497.09
2018-11-29;502.79
2018-11-30;500.61
2018-12-03;503.45
2018-12-04;503.59
2018-12-05;509.91
2018-12-06;515.05
2018-12-07;507.97
2018-12-10;511.08
2018-12-11;510.16
2018-12-12;510.71
2018-12-13;507.11
2018-12-14;516.11
2018-12-17;521.6
2018-12-18;517.88
2018-12-19;511.09
2018-12-20;509.25
2018-12-21;511.59
2018-12-24;512.95
2018-12-25;519.5
2018-12-26;523.74
2018-12-27;528.95
2018-12-28;530.81
2018-12-31;523.56
2019-01-01;522.67
2019-01-02;528.34
2019-01-03;528.2
2019-01-04;530.99
2019-01-07;529.43
2019-01-08;524.11
2019-01-09;523.6
2019-01-10;525.35
2019-01-11;522.03
2019-01-14;520.93
2019-01-15;516.17
2019-01-16;522.07
2019-01-17;520.67
2019-01-18;528.36
2019-01-21;536.57
2019-01-22;536.27
2019-01-23;531.0
2019-01-24;520.05
2019-01-25;512.53
2019-01-28;505.62
2019-01-29;512.71
2019-01-30;513.43
2019-01-31;515.56
2019-02-01;504.24
2019-02-04;498.33
2019-02-05;502.87
2019-02-06;504.44
2019-02-07;503.83
2019-02-08;506.8
2019-02-11;515.21
2019-02-12;514.2
2019-02-13;514.69
2019-02-14;515.81
2019-02-15;528.28
2019-02-18;517.32
2019-02-19;520.98
2019-02-20;520.51
2019-02-21;523.59
2019-02-22;520.28
2019-02-25;520.16
2019-02-26;523.99
2019-02-27;540.43
2019-02-28;544.93
2019-03-01;540.45
2019-03-04;538.29
2019-03-05;535.99
2019-03-06;526.5
2019-03-07;524.89
2019-03-08;528.87
2019-03-11;522.26
2019-03-12;527.87
2019-03-13;530.57
2019-03-14;526.81
2019-03-15;526.2
2019-03-18;534.74
2019-03-19;538.8
2019-03-20;538.98
2019-03-21;537.83
2019-03-22;538.38
2019-03-25;535.76
2019-03-26;524.61
2019-03-27;535.46
2019-03-28;536.43
2019-03-29;538.7
2019-04-01;538.52
2019-04-02;534.69
2019-04-03;533.83
2019-04-04;525.43
2019-04-05;537.52
2019-04-08;531.02
2019-04-09;525.68
2019-04-10;523.49
2019-04-11;530.37
2019-04-12;530.58
2019-04-15;524.15
2019-04-16;530.86
2019-04-17;534.87
2019-04-18;537.88
2019-04-19;541.87
2019-04-22;554.98
2019-04-23;567.24
2019-04-24;563.49
2019-04-25;572.78
2019-04-26;575.12
2019-04-29;578.13
2019-04-30;568.49
2019-05-01;567.67
2019-05-02;563.19
2019-05-03;568.0
2019-05-06;574.22
2019-05-07;562.46
2019-05-08;562.47
2019-05-09;568.92
2019-05-10;568.0
2019-05-13;572.29
2019-05-14;574.44
2019-05-15;576.55
2019-05-16;575.13
2019-05-17;568.27
2019-05-20;562.04
2019-05-21;566.17
2019-05-22;566.42
2019-05-23;565.78
2019-05-24;563.52
2019-05-27;561.94
2019-05-28;567.97
2019-05-29;566.2
2019-05-30;558.75
2019-05-31;563.05
2019-06-03;562.03
2019-06-04;562.35
2019-06-05;571.53
2019-06-06;571.56
2019-06-07;573.35
2019-06-10;566.74
2019-06-11;565.63
2019-06-12;569.22
2019-06-13;560.51
2019-06-14;561.78
2019-06-17;562.48
2019-06-18;562.86
2019-06-19;568.83
2019-06-20;570.88
2019-06-21;579.46
2019-06-24;573.85
2019-06-25;574.77
2019-06-26;575.4
2019-06-27;569.39
2019-06-28;574.98
2019-07-01;588.49
2019-07-02;588.54
2019-07-03;591.66
2019-07-04;592.3
2019-07-05;588.22
2019-07-08;577.66
2019-07-09;573.73
2019-07-10;565.89
2019-07-11;575.67
2019-07-12;575.15
2019-07-15;573.31
2019-07-16;578.55
2019-07-17;572.2
2019-07-18;567.96
2019-07-19;568.49
2019-07-22;574.48
2019-07-23;577.5
2019-07-24;579.08
2019-07-25;579.68
2019-07-26;582.14
2019-07-29;583.46
2019-07-30;577.6
2019-07-31;578.01
2019-08-01;571.95
2019-08-02;572.55
2019-08-05;569.95
2019-08-06;584.56
2019-08-07;584.47
2019-08-08;576.41
2019-08-09;575.78
2019-08-12;578.92
2019-08-13;588.75
2019-08-14;585.43
2019-08-15;576.31
2019-08-16;581.16
2019-08-19;573.28
2019-08-20;570.93
2019-08-21;569.6
2019-08-22;569.34
2019-08-23;573.41
2019-08-26;569.63
2019-08-27;568.22
2019-08-28;568.28
2019-08-29;569.27
2019-08-30;569.97
2019-09-02;572.6
2019-09-03;577.57
2019-09-04;579.98
2019-09-05;582.76
2019-09-06;573.68
2019-09-09;574.12
2019-09-10;577.01
2019-09-11;581.36
2019-09-12;577.48
2019-09-13;573.82
2019-09-16;570.67
2019-09-17;573.87
2019-09-18;579.95
2019-09-19;577.73
2019-09-20;583.12
2019-09-23;583.99
2019-09-24;583.41
2019-09-25;582.32
2019-09-26;586.81
2019-09-27;588.87
2019-09-30;602.42
2019-10-01;597.44
2019-10-02;600.68
2019-10-03;597.65
2019-10-04;592.61
2019-10-07;592.69
2019-10-08;593.65
2019-10-09;611.13
2019-10-10;610.15
2019-10-11;603.41
2019-10-14;605.21
2019-10-15;592.8
2019-10-16;592.41
2019-10-17;592.65
2019-10-18;597.51
2019-10-21;603.47
2019-10-22;600.59
2019-10-23;599.83
2019-10-24;595.39
2019-10-25;588.82
2019-10-28;590.79
2019-10-29;583.41
2019-10-30;581.14
2019-10-31;575.5
2019-11-01;578.81
2019-11-04;589.38
2019-11-05;581.86
2019-11-06;571.22
2019-11-07;570.65
2019-11-08;570.88
2019-11-11;572.27
2019-11-12;569.86
2019-11-13;568.86
2019-11-14;571.09
2019-11-15;577.18
2019-11-18;566.04
2019-11-19;564.09
2019-11-20;565.44
2019-11-21;560.39
2019-11-22;570.23
2019-11-25;566.75
2019-11-26;566.66
2019-11-27;569.95
2019-11-28;566.72
2019-11-29;556.4
2019-12-02;554.15
2019-12-03;560.0
2019-12-04;558.25
2019-12-05;553.66
2019-12-06;558.93
2019-12-09;557.22
2019-12-10;554.52
2019-12-11;555.48
2019-12-12;559.9
2019-12-13;573.38
2019-12-16;578.27
2019-12-17;585.12
2019-12-18;582.3
2019-12-19;576.47
2019-12-20;576.98
2019-12-23;577.74
2019-12-24;571.65
2019-12-25;570.8
2019-12-26;573.22
2019-12-27;575.43
2019-12-30;578.47
2019-12-31;580.3
2020-01-01;577.5
2020-01-02;574.68
2020-01-03;567.93
2020-01-06;578.21
2020-01-07;578.43
2020-01-08;577.28
2020-01-09;572.06
2020-01-10;589.0
2020-01-13;582.82
2020-01-14;580.47
2020-01-15;583.03
2020-01-16;586.67
2020-01-17;592.44
2020-01-20;603.3
2020-01-21;606.5
2020-01-22;600.25
2020-01-23;598.86
2020-01-24;600.85
2020-01-27;613.43
2020-01-28;605.0
2020-01-29;612.43
2020-01-30;613.69
2020-01-31;618.98
2020-02-03;618.5
2020-02-04;613.45
2020-02-05;618.21
2020-02-06;622.41
2020-02-07;628.61
2020-02-10;628.69
2020-02-11;625.07
2020-02-12;615.49
2020-02-13;620.68
2020-02-14;623.47
2020-02-17;617.6
2020-02-18;614.43
2020-02-19;611.72
2020-02-20;602.8
2020-02-21;598.02
2020-02-24;591.39
2020-02-25;589.1
2020-02-26;584.89
2020-02-27;575.52
2020-02-28;587.31
2020-03-02;594.81
2020-03-03;590.33
2020-03-04;592.08
2020-03-05;594.7
2020-03-06;601.93
2020-03-09;597.16
2020-03-10;603.83
2020-03-11;600.67
2020-03-12;592.8
2020-03-13;597.24
2020-03-16;605.1
2020-03-17;620.91
2020-03-18;613.61
2020-03-19;618.05
2020-03-20;615.68
2020-03-23;620.65
2020-03-24;611.68
2020-03-25;604.11
2020-03-26;599.57
2020-03-27;600.2
2020-03-30;596.5
2020-03-31;600.58
2020-04-01;606.9
2020-04-02;610.69
2020-04-03;620.73
2020-04-06;623.46
2020-04-07;616.03
2020-04-08;624.58
2020-04-09;620.96
2020-04-10;626.77
2020-04-13;636.79
2020-04-14;639.86
2020-04-15;630.44
2020-04-16;624.81
2020-04-17;633.23
2020-04-20;632.32
2020-04-21;632.98
2020-04-22;637.94
2020-04-23;642.55
2020-04-24;644.5
2020-04-27;643.31
2020-04-28;641.46
2020-04-29;647.13
2020-04-30;650.87
2020-05-01;649.36
2020-05-04;656.55
2020-05-05;655.87
2020-05-06;650.44
2020-05-07;645.67
2020-05-08;639.51
2020-05-11;637.93
2020-05-12;645.96
2020-05-13;640.92
2020-05-14;642.29
2020-05-15;638.23
2020-05-18;636.73
2020-05-19;627.27
2020-05-20;626.05
2020-05-21;624.99
2020-05-22;628.52
2020-05-25;630.08
2020-05-26;622.69
2020-05-27;629.6
2020-05-28;631.08
2020-05-29;632.49
2020-06-01;632.59
2020-06-02;629.47
2020-06-03;631.0
2020-06-04;634.16
2020-06-05;623.24
2020-06-08;620.04
2020-06-09;618.61
2020-06-10;620.35
2020-06-11;627.91
2020-06-12;623.22
2020-06-15;620.27
2020-06-16;617.25
2020-06-17;612.46
2020-06-18;610.48
2020-06-19;615.34
2020-06-22;609.01
2020-06-23;611.77
2020-06-24;601.51
2020-06-25;598.28
2020-06-26;596.46
2020-06-29;606.6
2020-06-30;605.08
2020-07-01;591.92
2020-07-02;580.23
2020-07-03;580.57
2020-07-06;584.28
2020-07-07;586.62
2020-07-08;587.75
2020-07-09;594.73
2020-07-10;591.67
2020-07-13;597.11
2020-07-14;587.52
2020-07-15;582.35
2020-07-16;571.97
2020-07-17;570.54
2020-07-20;570.42
2020-07-21;571.21
2020-07-22;571.71
2020-07-23;566.55
2020-07-24;565.61
2020-07-27;557.28
2020-07-28;565.02
2020-07-29;563.45
2020-07-30;560.83
2020-07-31;569.88
2020-08-03;562.95
2020-08-04;556.75
2020-08-05;550.79
2020-08-06;550.55
2020-08-07;553.07
2020-08-10;557.3
2020-08-11;571.77
2020-08-12;559.05
2020-08-13;562.59
2020-08-14;559.6
2020-08-17;556.46
2020-08-18;553.15
2020-08-19;548.26
2020-08-20;557.63
2020-08-21;562.47
2020-08-24;562.74
2020-08-25;570.48
2020-08-26;562.0
2020-08-27;554.66
2020-08-28;542.72
2020-08-31;539.06
2020-09-01;540.06
2020-09-02;540.75
2020-09-03;541.7
2020-09-04;534.19
2020-09-07;538.61
2020-09-08;540.04
2020-09-09;544.13
2020-09-10;533.97
2020-09-11;535.76
2020-09-14;529.53
2020-09-15;527.56
2020-09-16;530.51
2020-09-17;531.13
2020-09-18;526.74
2020-09-21;526.9
2020-09-22;518.97
2020-09-23;525.07
2020-09-24;524.12
2020-09-25;530.11
2020-09-28;527.45
2020-09-29;524.82
2020-09-30;520.95
2020-10-01;525.64
2020-10-02;522.04
2020-10-05;525.54
2020-10-06;523.66
2020-10-07;513.44
2020-10-08;510.64
2020-10-09;504.75
2020-10-12;505.05
2020-10-13;499.16
2020-10-14;503.91
2020-10-15;503.57
2020-10-16;502.81
2020-10-19;506.23
2020-10-20;511.24
2020-10-21;511.26
2020-10-22;507.45
2020-10-23;498.57
2020-10-26;495.28
2020-10-27;492.34
2020-10-28;492.99
2020-10-29;491.41
2020-10-30;494.92
2020-11-02;492.01
2020-11-03;491.85
2020-11-04;497.8
2020-11-05;499.62
2020-11-06;499.45
2020-11-09;496.57
2020-11-10;493.55
2020-11-11;489.47
2020-11-12;486.94
2020-11-13;490.75
2020-11-16;489.78
2020-11-17;483.29
2020-11-18;491.96
2020-11-19;493.65
2020-11-20;486.83
2020-11-23;484.8
2020-11-24;485.46
2020-11-25;493.86
2020-11-26;488.51
2020-11-27;493.4
2020-11-30;500.43
2020-12-01;497.41
2020-12-02;496.15
2020-12-03;491.13
2020-12-04;490.26
2020-12-07;490.2
2020-12-08;493.56
2020-12-09;499.06
2020-12-10;495.45
2020-12-11;485.83
2020-12-14;485.85
2020-12-15;487.39
2020-12-16;488.73
2020-12-17;487.26
2020-12-18;487.99
2020-12-21;495.5
2020-12-22;497.52
2020-12-23;495.79
2020-12-24;493.43
2020-12-25;492.72
2020-12-28;500.9
2020-12-29;500.11
2020-12-30;500.14
2020-12-31;497.85
2021-01-01;503.45
2021-01-04;513.44
2021-01-05;515.88
2021-01-06;516.44
2021-01-07;516.76
2021-01-08;504.56
2021-01-11;508.45
2021-01-12;509.26
2021-01-13;511.57
2021-01-14;508.06
2021-01-15;506.23
2021-01-18;504.27
2021-01-19;509.55
2021-01-20;507.75
2021-01-21;518.45
2021-01-22;520.82
2021-01-25;514.3
2021-01-26;513.77
2021-01-27;510.55
2021-01-28;499.47
2021-01-29;507.59
2021-02-01;511.28
2021-02-02;514.14
2021-02-03;515.12
2021-02-04;508.13
2021-02-05;505.8
2021-02-08;510.18
2021-02-09;504.94
2021-02-10;492.29
2021-02-11;491.29
2021-02-12;490.72
2021-02-15;491.51
2021-02-16;495.21
2021-02-17;498.49
2021-02-18;499.91
2021-02-19;506.01
2021-02-22;498.45
2021-02-23;501.09
2021-02-24;504.35
2021-02-25;498.23
2021-02-26;490.86
2021-03-01;487.32
2021-03-02;484.22
2021-03-03;487.99
2021-03-04;485.11
2021-03-05;481.08
2021-03-08;478.26
2021-03-09;483.73
2021-03-10;483.91
2021-03-11;483.17
2021-03-12;482.76
2021-03-15;489.11
2021-03-16;485.57
2021-03-17;492.08
2021-03-18;493.24
2021-03-19;492.57
2021-03-22;505.01
2021-03-23;499.81
2021-03-24;498.17
2021-03-25;492.15
2021-03-26;496.96
2021-03-29;505.48
2021-03-30;514.05
2021-03-31;520.47
2021-04-01;519.57
2021-04-02;517.8
2021-04-05;509.28
2021-04-06;519.77
2021-04-07;522.34
2021-04-08;519.9
2021-04-09;526.94
2021-04-12;521.94
2021-04-13;524.2
2021-04-14;523.42
2021-04-15;526.9
2021-04-16;526.69
2021-04-19;519.18
2021-04-20;519.7
2021-04-21;525.28
2021-04-22;525.26
2021-04-23;529.47
2021-04-26;524.06
2021-04-27;524.06
2021-04-28;520.91
2021-04-29;524.94
2021-04-30;525.23
2021-05-03;528.99
2021-05-04;534.87
2021-05-05;538.71
2021-05-06;540.31
2021-05-07;535.05
2021-05-10;535.17
2021-05-11;532.45
2021-05-12;530.75
2021-05-13;528.9
2021-05-14;523.85
2021-05-17;513.73
2021-05-18;510.42
2021-05-19;511.54
2021-05-20;504.77
2021-05-21;504.97
2021-05-24;514.7
2021-05-25;520.09
2021-05-26;528.77
2021-05-27;530.97
2021-05-28;537.3
2021-05-31;533.55
2021-06-01;530.24
2021-06-02;515.85
2021-06-03;522.1
2021-06-04;530.27
2021-06-07;527.47
2021-06-08;526.26
2021-06-09;522.43
2021-06-10;524.55
2021-06-11;530.59
2021-06-14;521.47
2021-06-15;523.74
2021-06-16;522.42
2021-06-17;523.14
2021-06-18;525.68
2021-06-21;524.82
2021-06-22;524.4
2021-06-23;523.41
2021-06-24;528.62
2021-06-25;530.97
2021-06-28;532.27
2021-06-29;525.64
2021-06-30;523.78
2021-07-01;528.62
2021-07-02;528.95
2021-07-05;532.57
2021-07-06;542.11
2021-07-07;547.88
2021-07-08;548.53
2021-07-09;545.86
2021-07-12;532.06
2021-07-13;531.3
2021-07-14;529.7
2021-07-15;531.9
2021-07-16;531.21
2021-07-19;529.64
2021-07-20;520.35
2021-07-21;515.59
2021-07-22;518.18
2021-07-23;527.2
2021-07-26;526.81
2021-07-27;528.67
2021-07-28;533.84
2021-07-29;529.65
2021-07-30;531.72
2021-08-02;527.92
2021-08-03;532.61
2021-08-04;533.55
2021-08-05;535.28
2021-08-06;531.22
2021-08-09;535.11
2021-08-10;546.4
2021-08-11;541.03
2021-08-12;539.33
2021-08-13;540.71
2021-08-16;545.1
2021-08-17;542.19
2021-08-18;526.96
2021-08-19;534.26
2021-08-20;538.45
2021-08-23;529.2
2021-08-24;526.12
2021-08-25;534.5
2021-08-26;542.37
2021-08-27;547.6
2021-08-30;546.77
2021-08-31;547.36
2021-09-01;546.78
2021-09-02;553.09
2021-09-03;548.38
2021-09-06;544.1
2021-09-07;549.73
2021-09-08;549.63
2021-09-09;557.34
2021-09-10;553.74
2021-09-13;553.57
2021-09-14;548.61
2021-09-15;548.78
2021-09-16;540.81
2021-09-17;538.3
2021-09-20;530.71
2021-09-21;534.52
2021-09-22;538.49
2021-09-23;529.3
2021-09-24;536.5
2021-09-27;550.03
2021-09-28;550.42
2021-09-29;547.03
2021-09-30;562.62
2021-10-01;555.34
2021-10-04;555.59
2021-10-05;556.72
2021-10-06;564.35
2021-10-07;566.52
2021-10-08;563.84
2021-10-11;558.62
2021-10-12;556.85
2021-10-13;551.38
2021-10-14;551.78
2021-10-15;548.8
2021-10-18;540.74
2021-10-19;547.67
2021-10-20;545.08
2021-10-21;538.3
2021-10-22;537.53
2021-10-25;538.03
2021-10-26;528.77
2021-10-27;530.65
2021-10-28;525.23
2021-10-29;534.35
2021-11-01;537.28
2021-11-02;535.27
2021-11-03;531.41
2021-11-04;530.99
2021-11-05;534.37
2021-11-08;534.37
2021-11-09;533.35
2021-11-10;533.79
2021-11-11;530.7
2021-11-12;529.01
2021-11-15;518.11
2021-11-16;523.28
2021-11-17;524.98
2021-11-18;521.05
2021-11-19;531.07
2021-11-22;531.67
2021-11-23;526.29
2021-11-24;530.93
2021-11-25;533.18
2021-11-26;535.42
2021-11-29;533.27
2021-11-30;535.81
2021-12-01;534.54
2021-12-02;537.64
2021-12-03;527.53
2021-12-06;525.38
2021-12-07;534.56
2021-12-08;530.59
2021-12-09;527.52
2021-12-10;525.29
2021-12-13;519.04
2021-12-14;507.71
2021-12-15;506.66
2021-12-16;507.48
2021-12-17;507.34
2021-12-20;506.73
2021-12-21;507.07
2021-12-22;512.39
2021-12-23;511.54
2021-12-24;508.73
2021-12-27;507.43
2021-12-28;510.49
2021-12-29;517.83
2021-12-30;514.71
2021-12-31;515.35
2022-01-03;517.22
2022-01-04;512.21
2022-01-05;512.45
2022-01-06;505.06
2022-01-07;496.25
2022-01-10;498.2
2022-01-11;496.41
2022-01-12;497.54
2022-01-13;497.57
2022-01-14;492.84
2022-01-17;492.74
2022-01-18;486.79
2022-01-19;493.68
2022-01-20;487.11
2022-01-21;486.28
2022-01-24;481.33
2022-01-25;484.2
2022-01-26;482.71
2022-01-27;480.33
2022-01-28;484.55
2022-01-31;484.81
2022-02-01;487.44
2022-02-02;482.78
2022-02-03;476.12
2022-02-04;476.74
2022-02-07;475.34
2022-02-08;478.44
2022-02-09;478.18
2022-02-10;479.28
2022-02-11;471.62
2022-02-14;480.64
2022-02-15;479.97
2022-02-16;483.44
2022-02-17;479.52
2022-02-18;481.12
2022-02-21;474.97
2022-02-22;477.23
2022-02-23;475.65
2022-02-24;475.91
2022-02-25;479.35
2022-02-28;473.56
2022-03-01;470.44
2022-03-02;472.71
2022-03-03;482.75
2022-03-04;482.2
2022-03-07;485.17
2022-03-08;484.77
2022-03-09;494.31
2022-03-10;485.8
2022-03-11;486.38
2022-03-14;478.59
2022-03-15;466.72
2022-03-16;468.22
2022-03-17;468.99
2022-03-18;467.77
2022-03-21;467.39
2022-03-22;481.99
2022-03-23;480.87
2022-03-24;483.44
2022-03-25;480.42
2022-03-28;481.96
2022-03-29;480.93
2022-03-30;479.08
2022-03-31;487.91
2022-04-01;493.78
2022-04-04;494.58
2022-04-05;483.31
2022-04-06;481.68
2022-04-07;494.82
2022-04-08;493.8
2022-04-11;499.38
2022-04-12;506.7
2022-04-13;507.94
2022-04-14;503.79
2022-04-15;491.65
2022-04-18;495.13
2022-04-19;491.22
2022-04-20;492.21
2022-04-21;486.18
2022-04-22;485.01
2022-04-25;485.3
2022-04-26;486.72
2022-04-27;481.42
2022-04-28;487.3
2022-04-29;484.51
2022-05-02;476.52
2022-05-03;476.12
2022-05-04;476.4
2022-05-05;477.29
2022-05-06;483.91
2022-05-09;482.89
2022-05-10;482.43
2022-05-11;477.23
2022-05-12;481.26
2022-05-13;482.27
2022-05-16;480.37
2022-05-17;471.34
2022-05-18;478.26
2022-05-19;472.51
2022-05-20;469.83
2022-05-23;471.64
2022-05-24;466.11
2022-05-25;459.27
2022-05-26;449.63
2022-05-27;452.98
2022-05-30;450.62
2022-05-31;463.93
2022-06-01;459.43
2022-06-02;455.31
2022-06-03;452.85
2022-06-06;454.07
2022-06-07;452.04
2022-06-08;454.92
2022-06-09;450.59
2022-06-10;444.47
2022-06-13;436.59
2022-06-14;426.99
2022-06-15;424.89
2022-06-16;423.72
2022-06-17;421.15
2022-06-20;426.49
2022-06-21;431.83
2022-06-22;430.49
2022-06-23;422.88
2022-06-24;420.59
2022-06-27;418.17
2022-06-28;415.53
2022-06-29;412.73
2022-06-30;410.14
2022-07-01;408.66
2022-07-04;406.16
2022-07-05;407.11
2022-07-06;408.68
2022-07-07;405.06
2022-07-08;410.31
2022-07-11;406.39
2022-07-12;399.92
2022-07-13;401.54
2022-07-14;398.36
2022-07-15;399.74
2022-07-18;390.23
2022-07-19;395.76
2022-07-20;398.52
2022-07-21;392.64
2022-07-22;386.93
2022-07-25;393.5
2022-07-26;390.69
2022-07-27;387.53
2022-07-28;378.85
2022-07-29;377.61
2022-08-01;376.85
2022-08-02;379.64
2022-08-03;374.42
2022-08-04;368.82
2022-08-05;370.58
2022-08-08;374.4
2022-08-09;368.61
2022-08-10;372.69
2022-08-11;372.93
2022-08-12;377.09
2022-08-15;376.92
2022-08-16;367.51
2022-08-17;367.04
2022-08-18;371.02
2022-08-19;367.8
2022-08-22;366.47
2022-08-23;365.91
2022-08-24;355.39
2022-08-25;361.42
2022-08-26;358.25
2022-08-29;360.16
2022-08-30;359.93
2022-08-31;364.55
2022-09-01;366.12
2022-09-02;365.35
2022-09-05;362.18
2022-09-06;365.16
2022-09-07;358.41
2022-09-08;360.81
2022-09-09;356.94
2022-09-12;361.5
2022-09-13;362.17
2022-09-14;364.6
2022-09-15;364.99
2022-09-16;358.68
2022-09-19;355.68
2022-09-20;358.16
2022-09-21;358.85
2022-09-22;363.18
2022-09-23;364.73
2022-09-26;361.3
2022-09-27;358.51
2022-09-28;358.97
2022-09-29;350.75
2022-09-30;356.71
2022-10-03;358.38
2022-10-04;362.86
2022-10-05;357.22
2022-10-06;361.75
2022-10-07;369.92
2022-10-10;365.12
2022-10-11;368.03
2022-10-12;368.13
2022-10-13;362.53
2022-10-14;364.41
2022-10-17;367.54
2022-10-18;365.42
2022-10-19;369.77
2022-10-20;363.7
2022-10-21;358.36
2022-10-24;358.94
2022-10-25;359.12
2022-10-26;356.63
2022-10-27;359.61
2022-10-28;361.61
2022-10-31;364.8
2022-11-01;364.45
2022-11-02;366.73
2022-11-03;365.19
2022-11-04;372.78
2022-11-07;369.85
2022-11-08;377.72
2022-11-09;377.95
2022-11-10;372.85
2022-11-11;378.04
2022-11-14;378.61
2022-11-15;381.93
2022-11-16;386.7
2022-11-17;388.1
2022-11-18;385.9
2022-11-21;389.76
2022-11-22;389.86
2022-11-23;392.63
2022-11-24;384.28
2022-11-25;386.09
2022-11-28;383.72
2022-11-29;390.16
2022-11-30;392.69
2022-12-01;393.73
2022-12-02;395.74
2022-12-05;391.89
2022-12-06;398.35
2022-12-07;406.38
2022-12-08;408.08
2022-12-09;414.67
2022-12-12;412.42
2022-12-13;409.23
2022-12-14;409.5
2022-12-15;411.38
2022-12-16;409.87
2022-12-19;412.17
2022-12-20;413.54
2022-12-21;409.51
2022-12-22;411.74
2022-12-23;415.4
2022-12-26;416.22
2022-12-27;421.12
2022-12-28;416.1
2022-12-29;418.15
2022-12-30;413.36
2023-01-02;408.86
2023-01-03;406.38
2023-01-04;402.65
2023-01-05;400.55
2023-01-06;399.79
2023-01-09;403.23
2023-01-10;402.04
2023-01-11;395.77
2023-01-12;400.38
2023-01-13;397.13
2023-01-16;396.99
2023-01-17;398.86
2023-01-18;399.76
2023-01-19;404.23
2023-01-20;406.27
2023-01-23;402.87
2023-01-24;411.75
2023-01-25;412.65
2023-01-26;412.15
2023-01-27;416.23
2023-01-30;417.37
2023-01-31;419.14
2023-02-01;429.69
2023-02-02;428.61
2023-02-03;427.36
2023-02-06;427.96
2023-02-07;432.66
2023-02-08;426.25
2023-02-09;417.98
2023-02-10;415.63
2023-02-13;408.94
2023-02-14;407.3
2023-02-15;409.45
2023-02-16;405.91
2023-02-17;400.22
2023-02-20;400.59
2023-02-21;404.15
2023-02-22;397.4
2023-02-23;400.76
2023-02-24;404.14
2023-02-27;408.09
2023-02-28;413.17
2023-03-01;422.37
2023-03-02;420.97
2023-03-03;421.54
2023-03-06;419.89
2023-03-07;420.0
2023-03-08;426.54
2023-03-09;420.91
2023-03-10;417.39
2023-03-13;423.25
2023-03-14;427.67
2023-03-15;426.22
2023-03-16;429.97
2023-03-17;431.55
2023-03-20;438.13
2023-03-21;438.56
2023-03-22;443.17
2023-03-23;454.99
2023-03-24;457.83
2023-03-27;458.17
2023-03-28;461.59
2023-03-29;460.02
2023-03-30;471.12
2023-03-31;472.09
2023-04-03;470.92
2023-04-04;467.1
2023-04-05;472.34
2023-04-06;476.55
2023-04-07;474.3
2023-04-10;477.16
2023-04-11;470.08
2023-04-12;471.06
2023-04-13;473.31
2023-04-14;481.51
2023-04-17;477.92
2023-04-18;471.93
2023-04-19;467.82
2023-04-20;461.69
2023-04-21;467.98
2023-04-24;475.34
2023-04-25;476.98
2023-04-26;482.93
2023-04-27;483.69
2023-04-28;483.35
2023-05-01;481.87
2023-05-02;480.49
2023-05-03;473.17
2023-05-04;474.54
2023-05-05;474.47
2023-05-08;478.12
2023-05-09;478.69
2023-05-10;478.03
2023-05-11;473.99
2023-05-12;474.45
2023-05-15;478.07
2023-05-16;472.72
2023-05-17;473.25
2023-05-18;474.47
2023-05-19;471.19
2023-05-22;468.53
2023-05-23;469.73
2023-05-24;464.53
2023-05-25;466.27
2023-05-26;462.21
2023-05-29;467.24
2023-05-30;478.28
2023-05-31;474.28
2023-06-01;476.93
2023-06-02;473.58
2023-06-05;478.63
2023-06-06;472.7
2023-06-07;475.09
2023-06-08;471.06
2023-06-09;470.2
2023-06-12;465.47
2023-06-13;469.41
2023-06-14;465.6
2023-06-15;468.29
2023-06-16;466.8
2023-06-19;466.38
2023-06-20;467.18
2023-06-21;463.74
2023-06-22;464.83
2023-06-23;472.06
2023-06-26;468.51
2023-06-27;474.11
2023-06-28;481.34
2023-06-29;477.53
2023-06-30;470.7
2023-07-03;472.24
2023-07-04;469.77
2023-07-05;478.67
2023-07-06;478.95
2023-07-07;475.23
2023-07-10;469.9
2023-07-11;475.14
2023-07-12;472.54
2023-07-13;472.87
2023-07-14;477.5
2023-07-17;475.31
2023-07-18;475.21
2023-07-19;475.25
2023-07-20;478.62
2023-07-21;481.56
2023-07-24;480.63
2023-07-25;481.05
2023-07-26;479.38
2023-07-27;472.42
2023-07-28;473.75
2023-07-31;482.84
2023-08-01;478.69
2023-08-02;475.11
2023-08-03;471.09
2023-08-04;474.62
2023-08-07;476.87
2023-08-08;476.23
2023-08-09;471.98
2023-08-10;472.54
2023-08-11;465.26
2023-08-14;466.04
2023-08-15;470.22
2023-08-16;464.46
2023-08-17;457.45
2023-08-18;464.79
2023-08-21;462.07
2023-08-22;467.43
2023-08-23;466.83
2023-08-24;466.19
2023-08-25;468.35
2023-08-28;464.33
2023-08-29;465.06
2023-08-30;463.4
2023-08-31;457.4
2023-09-01;459.05
2023-09-04;457.96
2023-09-05;457.36
2023-09-06;451.93
2023-09-07;459.24
2023-09-08;463.38
2023-09-11;467.96
2023-09-12;466.65
2023-09-13;458.7
2023-09-14;467.77
2023-09-15;467.6
2023-09-18;464.22
2023-09-19;466.27
2023-09-20;471.83
2023-09-21;471.84
2023-09-22;477.99
2023-09-25;483.28
2023-09-26;478.2
2023-09-27;475.1
2023-09-28;479.77
2023-09-29;466.87
2023-10-02;466.29
2023-10-03;459.74
2023-10-04;457.66
2023-10-05;456.41
2023-10-06;454.89
2023-10-09;452.49
2023-10-10;447.64
2023-10-11;458.01
2023-10-12;466.68
2023-10-13;461.37
2023-10-16;468.79
2023-10-17;467.03
2023-10-18;467.75
2023-10-19;467.57
2023-10-20;464.6
2023-10-23;469.29
2023-10-24;470.0
2023-10-25;467.88
2023-10-26;461.89
2023-10-27;457.88
2023-10-30;450.48
2023-10-31;450.64
2023-11-01;445.36
2023-11-02;444.29
2023-11-03;450.49
2023-11-06;456.01
2023-11-07;455.97
2023-11-08;455.69
2023-11-09;464.37
2023-11-10;466.9
2023-11-13;465.49
2023-11-14;458.97
2023-11-15;460.89
2023-11-16;464.83
2023-11-17;462.01
2023-11-20;463.47
2023-11-21;461.9
2023-11-22;461.17
2023-11-23;449.81
2023-11-24;448.92
2023-11-27;453.39
2023-11-28;450.64
2023-11-29;450.99
2023-11-30;447.69
2023-12-01;449.42
2023-12-04;448.56
2023-12-05;444.46
2023-12-06;450.49
2023-12-07;454.79
2023-12-08;452.15
2023-12-11;454.51
2023-12-12;457.07
2023-12-13;460.12
2023-12-14;452.44
2023-12-15;457.11
2023-12-18;454.62
2023-12-19;453.1
2023-12-20;465.17
2023-12-21;466.69
2023-12-22;465.0
2023-12-25;454.86
2023-12-26;461.3
2023-12-27;455.21
2023-12-28;450.76
2023-12-29;449.37
2024-01-01;455.85
2024-01-02;459.49
2024-01-03;458.88
2024-01-04;460.41
2024-01-05;457.76
2024-01-08;458.51
2024-01-09;458.97
2024-01-10;463.53
2024-01-11;468.13
2024-01-12;470.55
2024-01-15;468.97
2024-01-16;472.56
2024-01-17;472.25
2024-01-18;467.26
2024-01-19;465.49
2024-01-22;466.0
2024-01-23;470.36
2024-01-24;469.61
2024-01-25;464.05
2024-01-26;464.43
2024-01-29;465.07
2024-01-30;466.05
2024-01-31;470.46
2024-02-01;475.37
2024-02-02;472.66
2024-02-05;469.87
2024-02-06;465.1
2024-02-07;468.46
2024-02-08;475.37
2024-02-09;473.99
2024-02-12;472.96
2024-02-13;480.02
2024-02-14;482.57
2024-02-15;484.79
2024-02-16;479.14
2024-02-19;482.51
2024-02-20;478.15
2024-02-21;472.85
2024-02-22;471.32
2024-02-23;468.68
2024-02-26;467.76
2024-02-27;461.14
2024-02-28;465.67
2024-02-29;471.04
2024-03-01;461.99
2024-03-04;466.62
2024-03-05;462.96
2024-03-06;467.04
2024-03-07;466.84
2024-03-08;467.09
2024-03-11;466.34
2024-03-12;472.11
2024-03-13;466.37
2024-03-14;469.33
2024-03-15;474.61
2024-03-18;478.13
2024-03-19;489.36
2024-03-20;486.9
2024-03-21;491.68
2024-03-22;491.28
2024-03-25;497.47
2024-03-26;497.55
2024-03-27;495.75
2024-03-28;502.34
2024-03-29;500.0
2024-04-01;493.06
2024-04-02;490.64
2024-04-03;493.8
2024-04-04;500.79
2024-04-05;501.48
2024-04-08;508.21
2024-04-09;501.44
2024-04-10;499.34
2024-04-11;498.02
2024-04-12;497.58
2024-04-15;498.12
2024-04-16;501.69
2024-04-17;499.58
2024-04-18;500.4
2024-04-19;500.3
2024-04-22;495.79
2024-04-23;495.35
2024-04-24;494.76
2024-04-25;494.07
2024-04-26;494.35
2024-04-29;494.85
2024-04-30;492.83
2024-05-01;499.23
2024-05-02;493.52
2024-05-03;490.08
2024-05-06;503.83
2024-05-07;498.72
2024-05-08;492.1
2024-05-09;495.83
2024-05-10;485.66
2024-05-13;484.64
2024-05-14;495.16
2024-05-15;487.63
2024-05-16;478.09
2024-05-17;471.04
2024-05-20;475.39
2024-05-21;480.86
2024-05-22;478.51
2024-05-23;481.9
2024-05-24;488.72
2024-05-27;497.58
2024-05-28;496.48
2024-05-29;485.18
2024-05-30;481.31
2024-05-31;479.38
2024-06-03;478.26
2024-06-04;477.48
2024-06-05;482.94
2024-06-06;489.22
2024-06-07;488.5
2024-06-10;493.99
2024-06-11;495.88
2024-06-12;496.32
2024-06-13;500.95
2024-06-14;501.43
2024-06-17;511.88
2024-06-18;504.64
2024-06-19;502.17
2024-06-20;501.66
2024-06-21;503.99
2024-06-24;510.5
2024-06-25;510.51
2024-06-26;503.37
2024-06-27;507.74
2024-06-28;511.7
2024-07-01;501.89
2024-07-02;502.0
2024-07-03;494.14
2024-07-04;490.98
2024-07-05;486.67
2024-07-08;490.73
2024-07-09;491.43
2024-07-10;485.23
2024-07-11;489.62
2024-07-12;482.73
2024-07-15;484.44
2024-07-16;480.62
2024-07-17;478.98
2024-07-18;481.52
2024-07-19;484.15
2024-07-22;490.74
2024-07-23;490.46
2024-07-24;492.09
2024-07-25;490.06
2024-07-26;491.07
2024-07-29;493.35
2024-07-30;492.99
2024-07-31;484.22
2024-08-01;485.95
2024-08-02;487.84
2024-08-05;484.64
2024-08-06;478.54
2024-08-07;485.72
2024-08-08;488.23
2024-08-09;487.23
2024-08-12;481.82
2024-08-13;477.98
2024-08-14;484.32
2024-08-15;485.11
2024-08-16;482.56
2024-08-19;485.14
2024-08-20;481.31
2024-08-21;488.65
2024-08-22;495.39
2024-08-23;493.2
2024-08-26;490.22
2024-08-27;477.51
2024-08-28;470.55
2024-08-29;464.37
2024-08-30;465.11
2024-09-02;463.71
2024-09-03;457.59
2024-09-04;456.42
2024-09-05;458.84
2024-09-06;461.37
2024-09-09;452.73
2024-09-10;452.26
2024-09-11;446.11
2024-09-12;450.25
2024-09-13;453.89
2024-09-16;449.93
2024-09-17;446.6
2024-09-18;444.65
2024-09-19;434.74
2024-09-20;436.31
2024-09-23;435.23
2024-09-24;439.56
2024-09-25;434.84
2024-09-26;432.26
2024-09-27;425.85
2024-09-30;421.68
2024-10-01;416.81
2024-10-02;421.06
2024-10-03;418.23
2024-10-04;418.85
2024-10-07;417.36
2024-10-08;412.17
2024-10-09;411.58
2024-10-10;414.14
2024-10-11;409.25
2024-10-14;412.66
2024-10-15;409.26
2024-10-16;407.38
2024-10-17;409.65
2024-10-18;407.03
2024-10-21;407.28
2024-10-22;406.1
2024-10-23;406.73
2024-10-24;397.15
2024-10-25;389.98
2024-10-28;392.48
2024-10-29;396.65
2024-10-30;393.14
2024-10-31;392.28
2024-11-01;393.53
2024-11-04;396.36
2024-11-05;388.42
2024-11-06;385.08
2024-11-07;383.89
2024-11-08;386.69
2024-11-11;396.45
2024-11-12;395.64
2024-11-13;390.17
2024-11-14;391.84
2024-11-15;397.11
2024-11-18;397.64
2024-11-19;394.14
2024-11-20;398.01
2024-11-21;400.75
2024-11-22;396.74
2024-11-25;398.35
2024-11-26;402.42
2024-11-27;407.28
2024-11-28;407.11
2024-11-29;405.76
2024-12-02;410.84
2024-12-03;405.97
2024-12-04;407.85
2024-12-05;402.36
2024-12-06;406.75
2024-12-09;405.8
2024-12-10;411.05
2024-12-11;413.18
2024-12-12;408.23
2024-12-13;414.14
2024-12-16;420.67
2024-12-17;424.49
2024-12-18;421.36
2024-12-19;420.18
2024-12-20;420.89
2024-12-23;418.04
2024-12-24;425.22
2024-12-25;425.94
2024-12-26;414.53
2024-12-27;416.04
2024-12-30;414.69
2024-12-31;414.49
2025-01-01;413.06
2025-01-02;416.5
2025-01-03;421.27
2025-01-06;422.56
2025-01-07;421.24
2025-01-08;421.17
2025-01-09;421.35
2025-01-10;418.08
2025-01-13;420.6
2025-01-14;422.64
2025-01-15;429.26
2025-01-16;434.76
2025-01-17;431.88
2025-01-20;435.53
2025-01-21;431.5
2025-01-22;434.61
2025-01-23;432.48
2025-01-24;428.16
2025-01-27;429.46
2025-01-28;418.09
2025-01-29;410.87
2025-01-30;410.24
2025-01-31;410.68
2025-02-03;409.27
2025-02-04;402.91
2025-02-05;399.71
2025-02-06;401.38
2025-02-07;403.81
2025-02-10;403.85
2025-02-11;408.62
2025-02-12;410.35
2025-02-13;407.38
2025-02-14;406.34
2025-02-17;400.74
2025-02-18;400.41
2025-02-19;404.96
2025-02-20;407.84
2025-02-21;413.66
2025-02-24;412.51
2025-02-25;418.17
2025-02-26;417.46
2025-02-27;423.71
2025-02-28;423.72
2025-03-03;426.83
2025-03-04;433.23
2025-03-05;432.5
2025-03-06;433.55
2025-03-07;439.25
2025-03-10;438.77
2025-03-11;433.09
2025-03-12;442.48
2025-03-13;440.51
2025-03-14;441.32
2025-03-17;446.53
2025-03-18;443.92
2025-03-19;439.56
2025-03-20;440.79
2025-03-21;432.99
2025-03-24;431.85
2025-03-25;433.02
2025-03-26;431.96
2025-03-27;425.4
2025-03-28;432.29
2025-03-31;432.84
2025-04-01;439.15
2025-04-02;438.12
2025-04-03;434.37
2025-04-04;435.65
2025-04-07;434.82
2025-04-08;429.8
2025-04-09;436.23
2025-04-10;433.62
2025-04-11;425.75
2025-04-14;431.51
2025-04-15;429.44
2025-04-16;426.94
2025-04-17;419.51
2025-04-18;426.92
2025-04-21;421.52
2025-04-22;421.87
2025-04-23;425.83
2025-04-24;427.73
2025-04-25;427.58
2025-04-28;420.41
2025-04-29;417.11
2025-04-30;418.0
2025-05-01;414.82
2025-05-02;415.76
2025-05-05;418.7
2025-05-06;422.84
2025-05-07;417.76
2025-05-08;427.04
2025-05-09;430.42
2025-05-12;430.52
2025-05-13;435.32
2025-05-14;445.73
2025-05-15;439.43
2025-05-16;438.55
2025-05-19;428.22
2025-05-20;429.16
2025-05-21;430.83
2025-05-22;430.77
2025-05-23;428.06
2025-05-26;419.39
2025-05-27;421.06
2025-05-28;427.3
2025-05-29;424.88
2025-05-30;426.86
2025-06-02;420.27
2025-06-03;422.3
2025-06-04;420.74
2025-06-05;417.64
2025-06-06;414.57
2025-06-09;413.04
2025-06-10;414.72
2025-06-11;409.38
2025-06-12;407.86
2025-06-13;407.79
2025-06-16;403.41
2025-06-17;410.76
2025-06-18;407.36
2025-06-19;404.73
2025-06-20;400.87
2025-06-23;408.18
2025-06-24;410.54
2025-06-25;406.8
2025-06-26;411.4
2025-06-27;412.33
2025-06-30;413.49
2025-07-01;412.17
2025-07-02;409.19
2025-07-03;410.67
2025-07-04;408.54
2025-07-07;416.06
2025-07-08;410.88
2025-07-09;417.3
2025-07-10;416.94
2025-07-11;418.29
2025-07-14;421.88
2025-07-15;419.33
2025-07-16;423.05
2025-07-17;411.71
2025-07-18;408.84
2025-07-21;405.17
2025-07-22;400.19
2025-07-23;399.43
2025-07-24;401.07
2025-07-25;403.99
2025-07-28;405.06
2025-07-29;402.47
2025-07-30;404.05
2025-07-31;404.66
2025-08-01;408.55
2025-08-04;411.82
2025-08-05;412.05
2025-08-06;408.46
2025-08-07;405.89
2025-08-08;403.76
2025-08-11;402.59
2025-08-12;403.77
2025-08-13;406.76
2025-08-14;406.65
2025-08-15;406.82
2025-08-18;407.5
2025-08-19;405.5
2025-08-20;401.85
2025-08-21;394.9
2025-08-22;392.25
2025-08-25;394.21
2025-08-26;391.53
2025-08-27;390.7
2025-08-28;392.62
2025-08-29;394.76
2025-09-01;390.6
2025-09-02;394.59
2025-09-03;399.14
2025-09-04;394.73
2025-09-05;391.58
2025-09-08;396.34
2025-09-09;395.86
2025-09-10;387.17
2025-09-11;381.85
2025-09-12;380.99
2025-09-15;376.65
2025-09-16;375.19
2025-09-17;375.4
2025-09-18;380.99
2025-09-19;379.98
2025-09-22;384.15
2025-09-23;389.73
2025-09-24;395.42
2025-09-25;396.64
2025-09-26;388.96
2025-09-29;390.85
2025-09-30;395.04
2025-10-01;394.82
2025-10-02;401.81
2025-10-03;405.36
2025-10-06;407.77
2025-10-07;412.3
2025-10-08;413.78
2025-10-09;403.56
2025-10-10;401.65
2025-10-13;406.56
2025-10-14;403.38
2025-10-15;402.58
2025-10-16;398.47
2025-10-17;405.68
2025-10-20;412.6
2025-10-21;409.06
2025-10-22;409.76
2025-10-23;407.08
2025-10-24;409.68
2025-10-27;411.87
2025-10-28;415.32
2025-10-29;416.8
2025-10-30;429.14
2025-10-31;424.84
2025-11-03;417.68
2025-11-04;416.14
2025-11-05;409.72
2025-11-06;403.71
2025-11-07;399.76
2025-11-10;396.18
2025-11-11;392.49
2025-11-12;394.63
2025-11-13;392.73
2025-11-14;392.12
2025-11-17;395.73
2025-11-18;392.79
2025-11-19;391.85
2025-11-20;393.38
2025-11-21;385.84
2025-11-24;376.74
2025-11-25;378.13
2025-11-26;380.09
2025-11-27;388.03
2025-11-28;388.74
2025-12-01;392.03
2025-12-02;391.36
2025-12-03;392.62
2025-12-04;399.26
2025-12-05;390.88
2025-12-08;392.6
2025-12-09;401.08
2025-12-10;402.31
2025-12-11;409.05
2025-12-12;406.58
2025-12-15;406.55
2025-12-16;406.79
2025-12-17;397.87
2025-12-18;393.32
2025-12-19;389.11
2025-12-22;392.4
2025-12-23;395.92
2025-12-24;397.3
2025-12-25;400.68
2025-12-26;400.12
2025-12-29;405.03
2025-12-30;405.17
2025-12-31;405.5
2026-01-01;404.53
2026-01-02;407.4
2026-01-05;405.78
2026-01-06;409.85
2026-01-07;405.31
2026-01-08;400.95
2026-01-09;403.81
2026-01-12;403.55
2026-01-13;401.82
2026-01-14;405.5
2026-01-15;403.14
2026-01-16;402.43
2026-01-19;408.17
2026-01-20;414.55
2026-01-21;421.17
2026-01-22;420.09
2026-01-23;425.36
2026-01-26;421.43
2026-01-27;417.72
2026-01-28;408.0
2026-01-29;414.93
2026-01-30;411.45
2026-02-02;411.03
2026-02-03;407.39
2026-02-04;410.33
2026-02-05;408.89
2026-02-06;403.65
2026-02-09;405.54
2026-02-10;399.83
2026-02-11;396.58
2026-02-12;388.32
2026-02-13;382.89
2026-02-16;383.67
2026-02-17;376.23
2026-02-18;370.75
2026-02-19;370.83
2026-02-20;368.91
2026-02-23;376.35
2026-02-24;383.35
2026-02-25;380.11
2026-02-26;382.33
2026-02-27;385.29
2026-03-02;383.08
2026-03-03;377.45
2026-03-04;377.5
2026-03-05;376.94
2026-03-06;375.39
2026-03-09;377.14
2026-03-10;374.41
2026-03-11;370.19
2026-03-12;370.68
2026-03-13;372.21
2026-03-16;367.92
2026-03-17;371.43
2026-03-18;364.94
2026-03-19;362.93
2026-03-20;362.08
2026-03-23;359.87
2026-03-24;357.92
2026-03-25;364.71
2026-03-26;361.7
2026-03-27;370.62
2026-03-30;372.33
2026-03-31;372.77
2026-04-01;374.63
2026-04-02;384.21
2026-04-03;380.49
2026-04-06;376.32
2026-04-07;373.57
2026-04-08;373.78
2026-04-09;367.43
2026-04-10;367.6
2026-04-13;373.92
2026-04-14;374.58
2026-04-15;373.58
2026-04-16;371.36
2026-04-17;374.79
2026-04-20;371.79
2026-04-21;378.74
2026-04-22;386.16
2026-04-23;387.25
2026-04-24;387.3
2026-04-27;391.39
2026-04-28;395.77
2026-04-29;392.68
2026-04-30;390.71
2026-05-01;385.64
2026-05-04;387.32
2026-05-05;390.0
2026-05-06;384.83
2026-05-07;383.17
2026-05-08;378.11
2026-05-11;374.8
2026-05-12;376.96
2026-05-13;374.29
2026-05-14;373.26
2026-05-15;367.28
2026-05-18;368.06
2026-05-19;367.99
2026-05-20;365.4
2026-05-21;364.8
2026-05-22;365.55
2026-05-25;362.66
2026-05-26;357.4
2026-05-27;363.94
2026-05-28;361.72
2026-05-29;361.46
2026-06-01;365.21
2026-06-02;378.19
2026-06-03;373.58
2026-06-04;375.35
2026-06-05;372.79
2026-06-08;370.87
2026-06-09;368.29
2026-06-10;364.24
2026-06-11;364.18
2026-06-12;358.9
2026-06-15;362.39
2026-06-16;362.68
2026-06-17;364.3
2026-06-18;362.7
2026-06-19;361.45
2026-06-22;362.58
2026-06-23;358.45
2026-06-24;357.26
2026-06-25;354.28
2026-06-26;351.21
2026-06-29;343.89
2026-06-30;348.58
2026-07-01;346.28
2026-07-02;350.39
2026-07-03;354.22
2026-07-06;349.76
2026-07-07;346.04
2026-07-08;354.98
2026-07-09;361.29
2026-07-10;361.27
2026-07-13;362.29
2026-07-14;360.09
2026-07-15;361.74
2026-07-16;359.23
2026-07-17;352.02
2026-07-20;347.46
2026-07-21;347.62
2026-07-22;343.77
2026-07-23;343.63
2026-07-24;340.02
2026-07-27;337.45
2026-07-28;340.41
2026-07-29;341.34
2026-07-30;341.39
2026-07-31;344.48
2026-08-03;346.22
2026-08-04;351.31
2026-08-05;349.78
2026-08-06;348.37
2026-08-07;343.92
2026-08-10;342.53
2026-08-11;345.92
2026-08-12;350.51
2026-08-13;353.96
2026-08-14;347.7
2026-08-17;351.55
2026-08-18;345.18
2026-08-19;348.36
2026-08-20;347.17
2026-08-21;349.69
2026-08-24;345.12
2026-08-25;349.25
2026-08-26;344.22
2026-08-27;342.01
2026-08-28;338.68
2026-08-31;332.82
2026-09-01;333.22
2026-09-02;339.32
2026-09-03;348.46
2026-09-04;348.88
2026-09-07;352.86
2026-09-08;353.77
2026-09-09;355.62
2026-09-10;354.5
2026-09-11;355.28
