date;close
2000-01-03;23.0
2000-01-04;24.07
2000-01-05;23.49
2000-01-06;22.71
2000-01-07;21.96
2000-01-10;25.79
2000-01-11;27.39
2000-01-12;25.82
2000-01-13;26.86
2000-01-14;27.1
2000-01-17;21.94
2000-01-18;19.28
2000-01-19;20.08
2000-01-20;23.71
2000-01-21;22.94
2000-01-24;21.41
2000-01-25;21.59
2000-01-26;19.98
2000-01-27;19.23
2000-01-28;19.21
2000-01-31;16.58
2000-02-01;18.78
2000-02-02;15.77
2000-02-03;12.63
2000-02-04;13.47
2000-02-07;15.61
2000-02-08;16.24
2000-02-09;16.11
2000-02-10;15.53
2000-02-11;14.58
2000-02-14;17.46
2000-02-15;18.38
2000-02-16;17.47
2000-02-17;46.27
2000-02-18;46.46
2000-02-21;47.34
2000-02-22;47.84
2000-02-23;42.65
2000-02-24;44.24
2000-02-25;45.96
2000-02-28;42.39
2000-02-29;38.65
2000-03-01;37.5
2000-03-02;40.34
2000-03-03;40.14
2000-03-06;38.11
2000-03-07;37.03
2000-03-08;32.61
2000-03-09;34.56
2000-03-10;32.47
2000-03-13;28.08
2000-03-14;27.12
2000-03-15;25.68
2000-03-16;26.62
2000-03-17;29.16
2000-03-20;32.11
2000-03-21;31.92
2000-03-22;30.65
2000-03-23;29.18
2000-03-24;22.05
2000-03-27;22.79
2000-03-28;23.76
2000-03-29;23.13
2000-03-30;20.59
2000-03-31;24.05
2000-04-03;23.77
2000-04-04;19.38
2000-04-05;19.64
2000-04-06;18.55
2000-04-07;19.79
2000-04-10;19.13
2000-04-11;20.0
2000-04-12;19.95
2000-04-13;17.99
2000-04-14;20.0
2000-04-17;23.49
2000-04-18;26.77
2000-04-19;25.17
2000-04-20;27.2
2000-04-21;31.08
2000-04-24;32.68
2000-04-25;33.65
2000-04-26;29.88
2000-04-27;30.92
2000-04-28;29.94
2000-05-01;28.53
2000-05-02;29.47
2000-05-03;32.38
2000-05-04;38.08
2000-05-05;33.55
2000-05-08;35.83
2000-05-09;36.56
2000-05-10;38.74
2000-05-11;50.89
2000-05-12;51.43
2000-05-15;54.5
2000-05-16;53.94
2000-05-17;49.78
2000-05-18;50.23
2000-05-19;51.1
2000-05-22;50.56
2000-05-23;48.39
2000-05-24;45.06
2000-05-25;43.59
2000-05-26;43.24
2000-05-29;42.08
2000-05-30;44.59
2000-05-31;44.9
2000-06-01;41.49
2000-06-02;37.71
2000-06-05;38.0
2000-06-06;36.52
2000-06-07;37.45
2000-06-08;37.74
2000-06-09;36.65
2000-06-12;33.67
2000-06-13;29.18
2000-06-14;29.23
2000-06-15;25.63
2000-06-16;23.11
2000-06-19;23.31
2000-06-20;23.27
2000-06-21;20.22
2000-06-22;22.89
2000-06-23;25.36
2000-06-26;26.35
2000-06-27;27.3
2000-06-28;28.19
2000-06-29;37.39
2000-06-30;38.88
2000-07-03;39.54
2000-07-04;36.61
2000-07-05;35.16
2000-07-06;40.16
2000-07-07;34.46
2000-07-10;32.53
2000-07-11;34.6
2000-07-12;32.06
2000-07-13;33.13
2000-07-14;32.56
2000-07-17;30.28
2000-07-18;24.68
2000-07-19;24.89
2000-07-20;22.64
2000-07-21;22.19
2000-07-24;23.32
2000-07-25;25.29
2000-07-26;23.82
2000-07-27;21.97
2000-07-28;18.69
2000-07-31;21.03
2000-08-01;26.26
2000-08-02;28.5
2000-08-03;31.22
2000-08-04;28.86
2000-08-07;29.5
2000-08-08;30.94
2000-08-09;22.26
2000-08-10;19.57
2000-08-11;23.64
2000-08-14;19.86
2000-08-15;23.45
2000-08-16;19.66
2000-08-17;17.2
2000-08-18;18.47
2000-08-21;18.69
2000-08-22;17.77
2000-08-23;21.82
2000-08-24;18.61
2000-08-25;18.28
2000-08-28;19.81
2000-08-29;20.5
2000-08-30;18.89
2000-08-31;17.45
2000-09-01;19.67
2000-09-04;21.91
2000-09-05;22.56
2000-09-06;20.34
2000-09-07;18.89
2000-09-08;18.87
2000-09-11;19.2
2000-09-12;20.58
2000-09-13;20.02
2000-09-14;22.06
2000-09-15;23.96
2000-09-18;27.0
2000-09-19;26.68
2000-09-20;27.13
2000-09-21;26.43
2000-09-22;24.03
2000-09-25;29.04
2000-09-26;31.46
2000-09-27;32.84
2000-09-28;32.14
2000-09-29;29.26
2000-10-02;31.21
2000-10-03;30.26
2000-10-04;30.76
2000-10-05;28.78
2000-10-06;28.93
2000-10-09;27.19
2000-10-10;25.63
2000-10-11;25.9
2000-10-12;21.96
2000-10-13;18.32
2000-10-16;16.58
2000-10-17;16.2
2000-10-18;18.51
2000-10-19;18.16
2000-10-20;18.18
2000-10-23;17.52
2000-10-24;18.43
2000-10-25;16.41
2000-10-26;16.3
2000-10-27;17.46
2000-10-30;18.12
2000-10-31;18.22
2000-11-01;18.35
2000-11-02;19.65
2000-11-03;25.03
2000-11-06;22.83
2000-11-07;28.14
2000-11-08;25.69
2000-11-09;20.07
2000-11-10;18.72
2000-11-13;19.62
2000-11-14;24.3
2000-11-15;21.82
2000-11-16;22.93
2000-11-17;19.46
2000-11-20;24.04
2000-11-21;26.76
2000-11-22;25.22
2000-11-23;20.66
2000-11-24;23.98
2000-11-27;23.47
2000-11-28;26.37
2000-11-29;26.04
2000-11-30;25.83
2000-12-01;24.39
2000-12-04;25.7
2000-12-05;25.69
2000-12-06;26.67
2000-12-07;22.47
2000-12-08;25.52
2000-12-11;29.1
2000-12-12;28.9
2000-12-13;33.59
2000-12-14;37.27
2000-12-15;38.0
2000-12-18;40.49
2000-12-19;42.09
2000-12-20;36.56
2000-12-21;35.04
2000-12-22;36.05
2000-12-25;39.3
2000-12-26;34.86
2000-12-27;29.83
2000-12-28;29.17
2000-12-29;23.52
2001-01-01;23.1
2001-01-02;23.84
2001-01-03;21.27
2001-01-04;21.02
2001-01-05;23.34
2001-01-08;21.82
2001-01-09;19.72
2001-01-10;19.44
2001-01-11;16.86
2001-01-12;21.9
2001-01-15;21.87
2001-01-16;20.0
2001-01-17;20.51
2001-01-18;20.18
2001-01-19;19.59
2001-01-22;18.26
2001-01-23;16.88
2001-01-24;13.23
2001-01-25;16.96
2001-01-26;18.53
2001-01-29;19.35
2001-01-30;19.04
2001-01-31;16.67
2001-02-01;14.93
2001-02-02;11.6
2001-02-05;10.38
2001-02-06;9.0
2001-02-07;13.74
2001-02-08;16.23
2001-02-09;16.59
2001-02-12;14.58
2001-02-13;12.24
2001-02-14;12.12
2001-02-15;14.81
2001-02-16;19.82
2001-02-19;16.3
2001-02-20;17.87
2001-02-21;16.33
2001-02-22;15.27
2001-02-23;15.6
2001-02-26;13.72
2001-02-27;13.41
2001-02-28;11.44
2001-03-01;10.41
2001-03-02;12.75
2001-03-05;13.33
2001-03-06;15.52
2001-03-07;14.06
2001-03-08;15.76
2001-03-09;11.88
2001-03-12;12.38
2001-03-13;14.33
2001-03-14;10.44
2001-03-15;9.26
2001-03-16;9.89
2001-03-19;12.89
2001-03-20;11.78
2001-03-21;13.49
2001-03-22;17.39
2001-03-23;18.94
2001-03-26;18.46
2001-03-27;19.44
2001-03-28;17.93
2001-03-29;18.23
2001-03-30;17.9
2001-04-02;18.83
2001-04-03;17.83
2001-04-04;18.9
2001-04-05;17.88
2001-04-06;20.14
2001-04-09;19.29
2001-04-10;14.2
2001-04-11;11.95
2001-04-12;12.37
2001-04-13;16.92
2001-04-16;19.12
2001-04-17;13.61
2001-04-18;10.21
2001-04-19;13.54
2001-04-20;15.42
2001-04-23;21.3
2001-04-24;20.06
2001-04-25;17.91
2001-04-26;18.16
2001-04-27;17.04
2001-04-30;19.75
2001-05-01;18.47
2001-05-02;17.84
2001-05-03;15.48
2001-05-04;17.57
2001-05-07;15.36
2001-05-08;16.6
2001-05-09;21.44
2001-05-10;16.9
2001-05-11;20.77
2001-05-14;21.4
2001-05-15;18.49
2001-05-16;18.82
2001-05-17;20.67
2001-05-18;18.63
2001-05-21;19.85
2001-05-22;23.82
2001-05-23;22.33
2001-05-24;19.71
2001-05-25;19.39
2001-05-28;19.53
2001-05-29;22.26
2001-05-30;21.73
2001-05-31;38.89
2001-06-01;40.05
2001-06-04;33.22
2001-06-05;35.71
2001-06-06;32.85
2001-06-07;29.37
2001-06-08;28.51
2001-06-11;30.07
2001-06-12;29.15
2001-06-13;26.12
2001-06-14;27.08
2001-06-15;24.7
2001-06-18;24.03
2001-06-19;22.11
2001-06-20;22.36
2001-06-21;21.93
2001-06-22;22.19
2001-06-25;28.48
2001-06-26;25.26
2001-06-27;28.45
2001-06-28;21.35
2001-06-29;18.32
2001-07-02;18.88
2001-07-03;18.54
2001-07-04;19.91
2001-07-05;18.98
2001-07-06;18.83
2001-07-09;18.64
2001-07-10;18.76
2001-07-11;19.05
2001-07-12;18.74
2001-07-13;17.9
2001-07-16;17.41
2001-07-17;18.1
2001-07-18;18.8
2001-07-19;17.2
2001-07-20;14.97
2001-07-23;11.02
2001-07-24;15.86
2001-07-25;12.93
2001-07-26;11.22
2001-07-27;13.53
2001-07-30;10.29
2001-07-31;9.0
2001-08-01;9.0
2001-08-02;11.95
2001-08-03;12.25
2001-08-06;18.0
2001-08-07;19.76
2001-08-08;16.53
2001-08-09;16.93
2001-08-10;12.98
2001-08-13;14.69
2001-08-14;13.75
2001-08-15;15.36
2001-08-16;19.62
2001-08-17;23.54
2001-08-20;22.94
2001-08-21;24.79
2001-08-22;23.65
2001-08-23;23.94
2001-08-24;19.91
2001-08-27;17.89
2001-08-28;19.41
2001-08-29;15.03
2001-08-30;15.49
2001-08-31;16.14
2001-09-03;17.82
2001-09-04;14.11
2001-09-05;10.16
2001-09-06;13.09
2001-09-07;13.86
2001-09-10;13.31
2001-09-11;9.72
2001-09-12;9.21
2001-09-13;9.0
2001-09-14;11.85
2001-09-17;9.0
2001-09-18;9.0
2001-09-19;11.57
2001-09-20;13.51
2001-09-21;12.68
2001-09-24;14.6
2001-09-25;16.89
2001-09-26;17.36
2001-09-27;18.58
2001-09-28;18.09
2001-10-01;20.98
2001-10-02;20.71
2001-10-03;17.14
2001-10-04;18.51
2001-10-05;15.95
2001-10-08;19.32
2001-10-09;20.36
2001-10-10;15.5
2001-10-11;17.87
2001-10-12;18.65
2001-10-15;20.48
2001-10-16;20.55
2001-10-17;23.55
2001-10-18;21.64
2001-10-19;23.84
2001-10-22;24.4
2001-10-23;19.95
2001-10-24;15.53
2001-10-25;14.98
2001-10-26;13.2
2001-10-29;9.0
2001-10-30;9.0
2001-10-31;9.11
2001-11-01;9.0
2001-11-02;15.3
2001-11-05;13.85
2001-11-06;17.05
2001-11-07;21.23
2001-11-08;19.85
2001-11-09;18.33
2001-11-12;17.15
2001-11-13;16.85
2001-11-14;16.05
2001-11-15;13.28
2001-11-16;14.45
2001-11-19;13.77
2001-11-20;19.95
2001-11-21;22.27
2001-11-22;21.22
2001-11-23;22.6
2001-11-26;23.8
2001-11-27;26.29
2001-11-28;21.58
2001-11-29;18.34
2001-11-30;16.29
2001-12-03;16.43
2001-12-04;9.0
2001-12-05;9.0
2001-12-06;12.83
2001-12-07;10.34
2001-12-10;11.4
2001-12-11;12.57
2001-12-12;13.93
2001-12-13;15.99
2001-12-14;18.69
2001-12-17;22.56
2001-12-18;21.48
2001-12-19;19.3
2001-12-20;20.35
2001-12-21;38.49
2001-12-24;38.02
2001-12-25;37.21
2001-12-26;37.93
2001-12-27;42.42
2001-12-28;41.9
2001-12-31;44.72
2002-01-01;44.98
2002-01-02;44.17
2002-01-03;41.82
2002-01-04;41.19
2002-01-07;40.44
2002-01-08;37.64
2002-01-09;35.34
2002-01-10;35.49
2002-01-11;38.6
2002-01-14;37.48
2002-01-15;32.97
2002-01-16;26.79
2002-01-17;23.88
2002-01-18;25.43
2002-01-21;21.93
2002-01-22;23.99
2002-01-23;25.39
2002-01-24;24.85
2002-01-25;20.77
2002-01-28;18.98
2002-01-29;18.4
2002-01-30;19.33
2002-01-31;16.21
2002-02-01;19.99
2002-02-04;20.82
2002-02-05;21.9
2002-02-06;23.38
2002-02-07;26.51
2002-02-08;26.65
2002-02-11;28.07
2002-02-12;25.95
2002-02-13;30.13
2002-02-14;29.92
2002-02-15;27.69
2002-02-18;26.17
2002-02-19;21.11
2002-02-20;19.9
2002-02-21;13.82
2002-02-22;16.07
2002-02-25;17.3
2002-02-26;15.0
2002-02-27;15.1
2002-02-28;15.31
2002-03-01;12.63
2002-03-04;12.42
2002-03-05;12.84
2002-03-06;12.55
2002-03-07;11.2
2002-03-08;9.11
2002-03-11;9.0
2002-03-12;9.0
2002-03-13;10.96
2002-03-14;14.88
2002-03-15;17.42
2002-03-18;17.68
2002-03-19;16.15
2002-03-20;18.56
2002-03-21;20.19
2002-03-22;23.45
2002-03-25;23.75
2002-03-26;27.87
2002-03-27;27.95
2002-03-28;25.9
2002-03-29;24.37
2002-04-01;25.43
2002-04-02;23.7
2002-04-03;27.81
2002-04-04;28.49
2002-04-05;28.13
2002-04-08;28.0
2002-04-09;26.93
2002-04-10;22.39
2002-04-11;21.04
2002-04-12;24.89
2002-04-15;25.19
2002-04-16;27.52
2002-04-17;29.82
2002-04-18;29.2
2002-04-19;30.35
2002-04-22;25.87
2002-04-23;29.24
2002-04-24;32.2
2002-04-25;32.8
2002-04-26;32.79
2002-04-29;32.06
2002-04-30;34.36
2002-05-01;35.55
2002-05-02;27.63
2002-05-03;26.31
2002-05-06;23.17
2002-05-07;19.75
2002-05-08;22.64
2002-05-09;22.37
2002-05-10;23.42
2002-05-13;23.41
2002-05-14;20.01
2002-05-15;16.09
2002-05-16;15.19
2002-05-17;14.54
2002-05-20;13.91
2002-05-21;13.39
2002-05-22;18.89
2002-05-23;21.49
2002-05-24;21.99
2002-05-27;21.69
2002-05-28;21.48
2002-05-29;23.22
2002-05-30;22.83
2002-05-31;24.95
2002-06-03;25.55
2002-06-04;30.46
2002-06-05;29.57
2002-06-06;31.83
2002-06-07;28.62
2002-06-10;26.6
2002-06-11;31.03
2002-06-12;32.63
2002-06-13;33.21
2002-06-14;38.54
2002-06-17;37.44
2002-06-18;39.31
2002-06-19;41.28
2002-06-20;44.28
2002-06-21;40.17
2002-06-24;38.98
2002-06-25;38.83
2002-06-26;41.9
2002-06-27;41.91
2002-06-28;43.76
2002-07-01;39.48
2002-07-02;37.74
2002-07-03;40.27
2002-07-04;38.79
2002-07-05;37.87
2002-07-08;40.94
2002-07-09;37.75
2002-07-10;35.24
2002-07-11;31.14
2002-07-12;34.67
2002-07-15;36.43
2002-07-16;38.04
2002-07-17;36.3
2002-07-18;31.99
2002-07-19;27.25
2002-07-22;30.32
2002-07-23;31.19
2002-07-24;32.5
2002-07-25;32.56
2002-07-26;30.02
2002-07-29;28.79
2002-07-30;25.86
2002-07-31;22.78
2002-08-01;24.91
2002-08-02;20.71
2002-08-05;18.2
2002-08-06;17.7
2002-08-07;18.05
2002-08-08;14.79
2002-08-09;11.04
2002-08-12;12.57
2002-08-13;13.47
2002-08-14;17.19
2002-08-15;17.61
2002-08-16;19.06
2002-08-19;17.33
2002-08-20;15.78
2002-08-21;12.85
2002-08-22;11.45
2002-08-23;11.12
2002-08-26;14.66
2002-08-27;12.81
2002-08-28;18.51
2002-08-29;20.14
2002-08-30;21.15
2002-09-02;21.17
2002-09-03;20.72
2002-09-04;19.27
2002-09-05;15.85
2002-09-06;14.03
2002-09-09;18.4
2002-09-10;19.88
2002-09-11;23.93
2002-09-12;22.25
2002-09-13;19.58
2002-09-16;19.66
2002-09-17;17.73
2002-09-18;18.4
2002-09-19;14.56
2002-09-20;9.83
2002-09-23;11.25
2002-09-24;15.84
2002-09-25;17.07
2002-09-26;18.59
2002-09-27;18.82
2002-09-30;19.28
2002-10-01;15.76
2002-10-02;14.11
2002-10-03;17.47
2002-10-04;14.84
2002-10-07;14.28
2002-10-08;17.57
2002-10-09;18.02
2002-10-10;18.58
2002-10-11;17.85
2002-10-14;19.7
2002-10-15;22.08
2002-10-16;19.99
2002-10-17;16.64
2002-10-18;12.19
2002-10-21;13.83
2002-10-22;15.08
2002-10-23;21.53
2002-10-24;21.64
2002-10-25;21.28
2002-10-28;21.86
2002-10-29;22.55
2002-10-30;21.96
2002-10-31;19.95
2002-11-01;19.99
2002-11-04;19.95
2002-11-05;19.86
2002-11-06;21.89
2002-11-07;21.8
2002-11-08;18.4
2002-11-11;16.93
2002-11-12;16.59
2002-11-13;16.88
2002-11-14;18.34
2002-11-15;18.55
2002-11-18;13.66
2002-11-19;10.93
2002-11-20;12.86
2002-11-21;12.66
2002-11-22;16.73
2002-11-25;17.24
2002-11-26;16.51
2002-11-27;15.12
2002-11-28;14.59
2002-11-29;15.23
2002-12-02;15.45
2002-12-03;18.03
2002-12-04;14.39
2002-12-05;11.23
2002-12-06;11.08
2002-12-09;12.86
2002-12-10;15.09
2002-12-11;13.87
2002-12-12;9.0
2002-12-13;9.0
2002-12-16;10.5
2002-12-17;10.92
2002-12-18;12.79
2002-12-19;16.12
2002-12-20;15.89
2002-12-23;14.97
2002-12-24;12.98
2002-12-25;9.88
2002-12-26;9.0
2002-12-27;9.0
2002-12-30;12.12
2002-12-31;14.19
2003-01-01;13.23
2003-01-02;18.94
2003-01-03;17.45
2003-01-06;20.81
2003-01-07;24.65
2003-01-08;25.54
2003-01-09;23.55
2003-01-10;22.43
2003-01-13;22.74
2003-01-14;19.21
2003-01-15;16.8
2003-01-16;14.32
2003-01-17;15.92
2003-01-20;19.06
2003-01-21;20.88
2003-01-22;23.3
2003-01-23;21.22
2003-01-24;20.33
2003-01-27;19.66
2003-01-28;20.79
2003-01-29;26.14
2003-01-30;24.2
2003-01-31;26.28
2003-02-03;29.76
2003-02-04;30.52
2003-02-05;29.06
2003-02-06;26.48
2003-02-07;23.52
2003-02-10;18.4
2003-02-11;17.91
2003-02-12;17.29
2003-02-13;19.55
2003-02-14;18.09
2003-02-17;17.75
2003-02-18;18.54
2003-02-19;19.82
2003-02-20;21.64
2003-02-21;21.98
2003-02-24;18.62
2003-02-25;19.66
2003-02-26;18.02
2003-02-27;21.19
2003-02-28;21.16
2003-03-03;21.68
2003-03-04;28.08
2003-03-05;29.53
2003-03-06;29.98
2003-03-07;45.28
2003-03-10;40.93
2003-03-11;43.08
2003-03-12;40.84
2003-03-13;41.57
2003-03-14;44.09
2003-03-17;72.58
2003-03-18;73.56
2003-03-19;68.89
2003-03-20;68.05
2003-03-21;63.4
2003-03-24;60.11
2003-03-25;62.4
2003-03-26;59.25
2003-03-27;53.72
2003-03-28;73.1
2003-03-31;73.33
2003-04-01;69.21
2003-04-02;72.26
2003-04-03;68.88
2003-04-04;71.07
2003-04-07;73.2
2003-04-08;68.96
2003-04-09;68.55
2003-04-10;68.89
2003-04-11;64.8
2003-04-14;55.6
2003-04-15;55.8
2003-04-16;51.87
2003-04-17;49.92
2003-04-18;48.87
2003-04-21;48.84
2003-04-22;46.5
2003-04-23;45.81
2003-04-24;47.49
2003-04-25;41.25
2003-04-28;36.63
2003-04-29;32.84
2003-04-30;30.85
2003-05-01;32.21
2003-05-02;34.16
2003-05-05;32.94
2003-05-06;31.79
2003-05-07;34.65
2003-05-08;34.41
2003-05-09;32.71
2003-05-12;34.3
2003-05-13;35.51
2003-05-14;35.7
2003-05-15;33.45
2003-05-16;30.31
2003-05-19;27.54
2003-05-20;25.04
2003-05-21;22.46
2003-05-22;20.99
2003-05-23;20.88
2003-05-26;21.07
2003-05-27;18.16
2003-05-28;18.85
2003-05-29;19.1
2003-05-30;18.84
2003-06-02;17.37
2003-06-03;14.7
2003-06-04;16.36
2003-06-05;16.71
2003-06-06;17.72
2003-06-09;16.74
2003-06-10;15.53
2003-06-11;18.27
2003-06-12;24.99
2003-06-13;23.98
2003-06-16;24.13
2003-06-17;23.69
2003-06-18;21.41
2003-06-19;20.2
2003-06-20;25.19
2003-06-23;23.12
2003-06-24;23.13
2003-06-25;21.33
2003-06-26;21.09
2003-06-27;19.24
2003-06-30;17.97
2003-07-01;14.44
2003-07-02;14.93
2003-07-03;14.25
2003-07-04;15.79
2003-07-07;15.83
2003-07-08;14.17
2003-07-09;12.0
2003-07-10;12.37
2003-07-11;16.0
2003-07-14;14.75
2003-07-15;10.41
2003-07-16;11.37
2003-07-17;14.74
2003-07-18;16.32
2003-07-21;13.43
2003-07-22;14.03
2003-07-23;16.39
2003-07-24;15.48
2003-07-25;14.31
2003-07-28;13.28
2003-07-29;13.09
2003-07-30;10.51
2003-07-31;11.43
2003-08-01;12.44
2003-08-04;13.46
2003-08-05;13.65
2003-08-06;10.97
2003-08-07;10.75
2003-08-08;15.67
2003-08-11;16.43
2003-08-12;14.57
2003-08-13;16.3
2003-08-14;20.98
2003-08-15;21.79
2003-08-18;21.26
2003-08-19;24.44
2003-08-20;22.94
2003-08-21;25.25
2003-08-22;23.55
2003-08-25;22.32
2003-08-26;24.09
2003-08-27;27.0
2003-08-28;26.37
2003-08-29;29.09
2003-09-01;29.54
2003-09-02;27.06
2003-09-03;25.68
2003-09-04;26.68
2003-09-05;29.76
2003-09-08;31.78
2003-09-09;33.74
2003-09-10;29.73
2003-09-11;31.03
2003-09-12;32.12
2003-09-15;32.17
2003-09-16;33.17
2003-09-17;28.22
2003-09-18;22.09
2003-09-19;22.6
2003-09-22;22.28
2003-09-23;21.59
2003-09-24;22.54
2003-09-25;22.88
2003-09-26;23.5
2003-09-29;25.52
2003-09-30;23.9
2003-10-01;24.53
2003-10-02;22.67
2003-10-03;17.79
2003-10-06;17.14
2003-10-07;19.88
2003-10-08;17.7
2003-10-09;18.86
2003-10-10;21.14
2003-10-13;22.9
2003-10-14;21.1
2003-10-15;19.19
2003-10-16;19.3
2003-10-17;19.97
2003-10-20;21.55
2003-10-21;23.08
2003-10-22;29.62
2003-10-23;32.8
2003-10-24;31.25
2003-10-27;35.93
2003-10-28;32.33
2003-10-29;29.15
2003-10-30;30.62
2003-10-31;29.43
2003-11-03;22.92
2003-11-04;26.45
2003-11-05;27.63
2003-11-06;26.96
2003-11-07;26.13
2003-11-10;25.24
2003-11-11;19.79
2003-11-12;17.54
2003-11-13;26.15
2003-11-14;25.05
2003-11-17;22.89
2003-11-18;18.03
2003-11-19;18.39
2003-11-20;18.98
2003-11-21;17.13
2003-11-24;19.94
2003-11-25;19.97
2003-11-26;18.17
2003-11-27;14.46
2003-11-28;15.38
2003-12-01;16.85
2003-12-02;15.78
2003-12-03;16.33
2003-12-04;20.52
2003-12-05;22.71
2003-12-08;17.17
2003-12-09;15.49
2003-12-10;15.36
2003-12-11;15.76
2003-12-12;16.37
2003-12-15;17.63
2003-12-16;17.48
2003-12-17;17.63
2003-12-18;20.1
2003-12-19;20.79
2003-12-22;17.87
2003-12-23;18.22
2003-12-24;17.96
2003-12-25;13.33
2003-12-26;14.04
2003-12-29;11.75
2003-12-30;14.56
2003-12-31;15.87
2004-01-01;13.07
2004-01-02;15.69
2004-01-05;19.36
2004-01-06;18.74
2004-01-07;18.44
2004-01-08;20.52
2004-01-09;23.73
2004-01-12;19.37
2004-01-13;16.65
2004-01-14;15.76
2004-01-15;15.18
2004-01-16;17.34
2004-01-19;20.73
2004-01-20;24.15
2004-01-21;19.71
2004-01-22;17.69
2004-01-23;14.69
2004-01-26;13.45
2004-01-27;11.73
2004-01-28;13.18
2004-01-29;14.86
2004-01-30;15.11
2004-02-02;15.11
2004-02-03;14.4
2004-02-04;14.01
2004-02-05;18.28
2004-02-06;20.08
2004-02-09;19.22
2004-02-10;18.97
2004-02-11;20.11
2004-02-12;17.1
2004-02-13;17.57
2004-02-16;19.27
2004-02-17;20.53
2004-02-18;18.51
2004-02-19;17.01
2004-02-20;12.18
2004-02-23;14.42
2004-02-24;19.86
2004-02-25;17.54
2004-02-26;20.39
2004-02-27;25.24
2004-03-01;23.79
2004-03-02;23.31
2004-03-03;23.76
2004-03-04;24.71
2004-03-05;25.22
2004-03-08;23.96
2004-03-09;25.29
2004-03-10;24.07
2004-03-11;24.79
2004-03-12;24.45
2004-03-15;19.77
2004-03-16;22.91
2004-03-17;21.25
2004-03-18;24.6
2004-03-19;26.99
2004-03-22;27.17
2004-03-23;28.09
2004-03-24;29.27
2004-03-25;28.29
2004-03-26;27.47
2004-03-29;28.56
2004-03-30;20.75
2004-03-31;20.64
2004-04-01;19.62
2004-04-02;17.68
2004-04-05;18.79
2004-04-06;17.26
2004-04-07;19.52
2004-04-08;21.91
2004-04-09;23.07
2004-04-12;24.7
2004-04-13;25.73
2004-04-14;27.42
2004-04-15;28.91
2004-04-16;29.32
2004-04-19;31.5
2004-04-20;30.5
2004-04-21;28.08
2004-04-22;25.67
2004-04-23;24.6
2004-04-26;19.61
2004-04-27;20.13
2004-04-28;21.75
2004-04-29;23.98
2004-04-30;19.74
2004-05-03;17.82
2004-05-04;19.98
2004-05-05;19.47
2004-05-06;21.06
2004-05-07;17.88
2004-05-10;21.37
2004-05-11;18.0
2004-05-12;10.53
2004-05-13;11.44
2004-05-14;12.36
2004-05-17;11.49
2004-05-18;13.08
2004-05-19;14.67
2004-05-20;15.89
2004-05-21;14.8
2004-05-24;13.3
2004-05-25;12.58
2004-05-26;33.65
2004-05-27;35.75
2004-05-28;37.32
2004-05-31;33.85
2004-06-01;30.98
2004-06-02;33.22
2004-06-03;34.36
2004-06-04;32.4
2004-06-07;31.35
2004-06-08;33.12
2004-06-09;32.28
2004-06-10;36.59
2004-06-11;37.04
2004-06-14;34.13
2004-06-15;30.76
2004-06-16;32.84
2004-06-17;31.08
2004-06-18;30.85
2004-06-21;23.2
2004-06-22;23.06
2004-06-23;19.37
2004-06-24;15.83
2004-06-25;19.1
2004-06-28;18.32
2004-06-29;17.46
2004-06-30;22.82
2004-07-01;25.08
2004-07-02;28.81
2004-07-05;31.53
2004-07-06;32.95
2004-07-07;36.15
2004-07-08;33.41
2004-07-09;30.52
2004-07-12;26.44
2004-07-13;21.73
2004-07-14;21.92
2004-07-15;17.98
2004-07-16;15.22
2004-07-19;14.89
2004-07-20;9.0
2004-07-21;9.33
2004-07-22;9.88
2004-07-23;15.4
2004-07-26;16.15
2004-07-27;16.62
2004-07-28;20.63
2004-07-29;19.98
2004-07-30;20.44
2004-08-02;22.84
2004-08-03;20.82
2004-08-04;23.23
2004-08-05;19.66
2004-08-06;21.33
2004-08-09;22.93
2004-08-10;21.77
2004-08-11;21.21
2004-08-12;25.3
2004-08-13;24.74
2004-08-16;25.82
2004-08-17;25.63
2004-08-18;23.67
2004-08-19;21.97
2004-08-20;22.83
2004-08-23;26.19
2004-08-24;22.61
2004-08-25;26.4
2004-08-26;27.66
2004-08-27;26.66
2004-08-30;27.12
2004-08-31;28.29
2004-09-01;25.13
2004-09-02;24.46
2004-09-03;24.22
2004-09-06;19.92
2004-09-07;22.0
2004-09-08;20.33
2004-09-09;18.88
2004-09-10;18.7
2004-09-13;19.86
2004-09-14;20.77
2004-09-15;20.83
2004-09-16;21.59
2004-09-17;19.7
2004-09-20;20.08
2004-09-21;21.42
2004-09-22;19.87
2004-09-23;19.92
2004-09-24;21.33
2004-09-27;21.03
2004-09-28;17.84
2004-09-29;21.41
2004-09-30;24.25
2004-10-01;24.0
2004-10-04;46.6
2004-10-05;42.12
2004-10-06;42.5
2004-10-07;40.18
2004-10-08;39.81
2004-10-11;44.04
2004-10-12;42.2
2004-10-13;42.92
2004-10-14;41.3
2004-10-15;38.58
2004-10-18;40.93
2004-10-19;35.2
2004-10-20;36.93
2004-10-21;31.13
2004-10-22;32.78
2004-10-25;32.15
2004-10-26;29.14
2004-10-27;27.64
2004-10-28;28.95
2004-10-29;33.41
2004-11-01;28.81
2004-11-02;26.1
2004-11-03;22.44
2004-11-04;21.82
2004-11-05;24.01
2004-11-08;20.16
2004-11-09;20.09
2004-11-10;22.28
2004-11-11;21.09
2004-11-12;14.5
2004-11-15;15.25
2004-11-16;18.55
2004-11-17;15.92
2004-11-18;11.65
2004-11-19;12.84
2004-11-22;34.46
2004-11-23;32.49
2004-11-24;30.01
2004-11-25;26.93
2004-11-26;29.6
2004-11-29;31.15
2004-11-30;27.91
2004-12-01;24.49
2004-12-02;23.09
2004-12-03;20.08
2004-12-06;23.7
2004-12-07;19.19
2004-12-08;23.71
2004-12-09;24.45
2004-12-10;25.63
2004-12-13;25.59
2004-12-14;21.31
2004-12-15;23.2
2004-12-16;23.1
2004-12-17;20.53
2004-12-20;23.18
2004-12-21;25.49
2004-12-22;27.91
2004-12-23;29.8
2004-12-24;27.94
2004-12-27;28.87
2004-12-28;31.05
2004-12-29;32.81
2004-12-30;26.17
2004-12-31;25.65
2005-01-03;23.56
2005-01-04;26.97
2005-01-05;26.44
2005-01-06;27.23
2005-01-07;27.33
2005-01-10;30.24
2005-01-11;34.25
2005-01-12;33.61
2005-01-13;33.51
2005-01-14;36.28
2005-01-17;32.65
2005-01-18;29.46
2005-01-19;27.34
2005-01-20;28.88
2005-01-21;28.58
2005-01-24;26.53
2005-01-25;29.3
2005-01-26;25.03
2005-01-27;23.04
2005-01-28;22.48
2005-01-31;26.86
2005-02-01;24.85
2005-02-02;25.94
2005-02-03;25.23
2005-02-04;21.98
2005-02-07;23.16
2005-02-08;22.24
2005-02-09;20.78
2005-02-10;17.4
2005-02-11;17.7
2005-02-14;21.57
2005-02-15;19.94
2005-02-16;17.14
2005-02-17;13.11
2005-02-18;9.06
2005-02-21;9.26
2005-02-22;9.99
2005-02-23;11.46
2005-02-24;11.65
2005-02-25;12.51
2005-02-28;16.6
2005-03-01;19.87
2005-03-02;22.82
2005-03-03;25.19
2005-03-04;26.55
2005-03-07;22.35
2005-03-08;21.67
2005-03-09;22.26
2005-03-10;19.96
2005-03-11;24.17
2005-03-14;23.12
2005-03-15;18.88
2005-03-16;17.95
2005-03-17;19.08
2005-03-18;16.94
2005-03-21;16.71
2005-03-22;12.84
2005-03-23;12.07
2005-03-24;12.49
2005-03-25;12.62
2005-03-28;14.98
2005-03-29;12.77
2005-03-30;14.01
2005-03-31;15.7
2005-04-01;14.15
2005-04-04;12.24
2005-04-05;16.86
2005-04-06;16.24
2005-04-07;17.43
2005-04-08;18.66
2005-04-11;15.2
2005-04-12;15.93
2005-04-13;16.5
2005-04-14;20.93
2005-04-15;21.24
2005-04-18;23.07
2005-04-19;24.92
2005-04-20;23.97
2005-04-21;29.1
2005-04-22;26.75
2005-04-25;22.35
2005-04-26;17.11
2005-04-27;16.04
2005-04-28;11.78
2005-04-29;10.44
2005-05-02;10.9
2005-05-03;11.96
2005-05-04;11.4
2005-05-05;10.05
2005-05-06;9.29
2005-05-09;11.16
2005-05-10;9.0
2005-05-11;9.0
2005-05-12;10.35
2005-05-13;11.06
2005-05-16;9.0
2005-05-17;12.15
2005-05-18;11.35
2005-05-19;9.0
2005-05-20;9.0
2005-05-23;12.19
2005-05-24;9.0
2005-05-25;10.57
2005-05-26;13.13
2005-05-27;12.48
2005-05-30;16.81
2005-05-31;14.47
2005-06-01;16.06
2005-06-02;16.51
2005-06-03;21.02
2005-06-06;20.24
2005-06-07;21.27
2005-06-08;21.45
2005-06-09;17.53
2005-06-10;17.26
2005-06-13;15.89
2005-06-14;16.35
2005-06-15;17.62
2005-06-16;21.07
2005-06-17;15.17
2005-06-20;15.39
2005-06-21;12.35
2005-06-22;14.08
2005-06-23;19.9
2005-06-24;19.04
2005-06-27;17.09
2005-06-28;16.03
2005-06-29;12.99
2005-06-30;9.0
2005-07-01;10.17
2005-07-04;10.53
2005-07-05;9.06
2005-07-06;34.93
2005-07-07;36.25
2005-07-08;36.35
2005-07-11;36.48
2005-07-12;38.37
2005-07-13;35.86
2005-07-14;33.04
2005-07-15;32.21
2005-07-18;31.46
2005-07-19;31.01
2005-07-20;32.56
2005-07-21;26.29
2005-07-22;24.43
2005-07-25;24.71
2005-07-26;19.76
2005-07-27;21.3
2005-07-28;19.65
2005-07-29;19.18
2005-08-01;21.44
2005-08-02;39.97
2005-08-03;68.53
2005-08-04;71.36
2005-08-05;66.93
2005-08-08;64.76
2005-08-09;64.26
2005-08-10;64.0
2005-08-11;62.8
2005-08-12;58.48
2005-08-15;55.42
2005-08-16;52.43
2005-08-17;51.27
2005-08-18;50.46
2005-08-19;49.39
2005-08-22;50.25
2005-08-23;53.24
2005-08-24;51.0
2005-08-25;46.71
2005-08-26;43.38
2005-08-29;42.23
2005-08-30;43.35
2005-08-31;39.89
2005-09-01;42.66
2005-09-02;39.86
2005-09-05;40.98
2005-09-06;40.34
2005-09-07;40.68
2005-09-08;41.11
2005-09-09;37.66
2005-09-12;38.87
2005-09-13;34.82
2005-09-14;32.31
2005-09-15;33.13
2005-09-16;29.93
2005-09-19;24.5
2005-09-20;25.12
2005-09-21;20.93
2005-09-22;22.56
2005-09-23;21.65
2005-09-26;22.38
2005-09-27;23.02
2005-09-28;24.74
2005-09-29;26.01
2005-09-30;23.14
2005-10-03;22.35
2005-10-04;23.04
2005-10-05;26.44
2005-10-06;27.65
2005-10-07;30.57
2005-10-10;30.98
2005-10-11;33.13
2005-10-12;33.07
2005-10-13;35.01
2005-10-14;33.35
2005-10-17;36.57
2005-10-18;36.97
2005-10-19;32.6
2005-10-20;32.86
2005-10-21;26.94
2005-10-24;28.13
2005-10-25;29.91
2005-10-26;34.28
2005-10-27;32.28
2005-10-28;36.54
2005-10-31;35.7
2005-11-01;33.03
2005-11-02;31.14
2005-11-03;31.97
2005-11-04;29.15
2005-11-07;27.83
2005-11-08;28.27
2005-11-09;31.71
2005-11-10;33.24
2005-11-11;32.66
2005-11-14;33.4
2005-11-15;33.3
2005-11-16;29.74
2005-11-17;33.61
2005-11-18;36.84
2005-11-21;35.79
2005-11-22;33.85
2005-11-23;30.3
2005-11-24;31.32
2005-11-25;32.3
2005-11-28;29.65
2005-11-29;29.78
2005-11-30;31.31
2005-12-01;29.43
2005-12-02;28.44
2005-12-05;27.48
2005-12-06;25.22
2005-12-07;24.49
2005-12-08;20.37
2005-12-09;19.68
2005-12-12;19.07
2005-12-13;18.94
2005-12-14;20.16
2005-12-15;17.12
2005-12-16;14.64
2005-12-19;12.96
2005-12-20;10.04
2005-12-21;12.0
2005-12-22;10.98
2005-12-23;11.33
2005-12-26;9.62
2005-12-27;9.21
2005-12-28;10.48
2005-12-29;11.81
2005-12-30;9.68
2006-01-02;9.97
2006-01-03;9.0
2006-01-04;9.23
2006-01-05;9.0
2006-01-06;14.11
2006-01-09;16.41
2006-01-10;17.55
2006-01-11;12.83
2006-01-12;12.47
2006-01-13;14.93
2006-01-16;15.03
2006-01-17;19.51
2006-01-18;21.89
2006-01-19;20.85
2006-01-20;24.69
2006-01-23;23.75
2006-01-24;28.3
2006-01-25;31.92
2006-01-26;32.04
2006-01-27;27.62
2006-01-30;27.76
2006-01-31;24.6
2006-02-01;22.83
2006-02-02;21.31
2006-02-03;18.46
2006-02-06;19.06
2006-02-07;17.29
2006-02-08;16.82
2006-02-09;15.63
2006-02-10;17.03
2006-02-13;18.18
2006-02-14;17.47
2006-02-15;18.91
2006-02-16;22.01
2006-02-17;16.67
2006-02-20;15.35
2006-02-21;13.22
2006-02-22;11.86
2006-02-23;9.0
2006-02-24;9.0
2006-02-27;9.0
2006-02-28;9.0
2006-03-01;9.0
2006-03-02;13.0
2006-03-03;13.67
2006-03-06;9.0
2006-03-07;10.8
2006-03-08;21.05
2006-03-09;15.76
2006-03-10;20.26
2006-03-13;20.11
2006-03-14;19.02
2006-03-15;17.61
2006-03-16;18.53
2006-03-17;17.54
2006-03-20;14.81
2006-03-21;13.71
2006-03-22;14.9
2006-03-23;16.84
2006-03-24;21.59
2006-03-27;21.73
2006-03-28;24.86
2006-03-29;24.11
2006-03-30;23.72
2006-03-31;23.22
2006-04-03;23.57
2006-04-04;25.54
2006-04-05;24.1
2006-04-06;21.64
2006-04-07;23.92
2006-04-10;25.89
2006-04-11;29.25
2006-04-12;27.26
2006-04-13;26.29
2006-04-14;28.45
2006-04-17;26.83
2006-04-18;28.07
2006-04-19;27.16
2006-04-20;27.59
2006-04-21;24.32
2006-04-24;24.29
2006-04-25;16.57
2006-04-26;19.73
2006-04-27;21.66
2006-04-28;19.18
2006-05-01;23.57
2006-05-02;26.2
2006-05-03;23.1
2006-05-04;21.6
2006-05-05;18.85
2006-05-08;19.77
2006-05-09;18.33
2006-05-10;13.61
2006-05-11;13.73
2006-05-12;16.3
2006-05-15;16.72
2006-05-16;18.22
2006-05-17;18.78
2006-05-18;20.65
2006-05-19;21.31
2006-05-22;20.92
2006-05-23;21.08
2006-05-24;24.79
2006-05-25;26.03
2006-05-26;23.33
2006-05-29;23.33
2006-05-30;23.97
2006-05-31;23.36
2006-06-01;18.4
2006-06-02;16.3
2006-06-05;15.43
2006-06-06;20.35
2006-06-07;21.52
2006-06-08;17.55
2006-06-09;17.42
2006-06-12;20.84
2006-06-13;19.31
2006-06-14;21.92
2006-06-15;18.0
2006-06-16;10.99
2006-06-19;14.42
2006-06-20;13.51
2006-06-21;9.14
2006-06-22;9.0
2006-06-23;10.0
2006-06-26;11.6
2006-06-27;9.0
2006-06-28;9.0
2006-06-29;9.67
2006-06-30;11.28
2006-07-03;9.29
2006-07-04;9.28
2006-07-05;9.0
2006-07-06;10.09
2006-07-07;13.45
2006-07-10;12.92
2006-07-11;9.82
2006-07-12;9.0
2006-07-13;13.86
2006-07-14;12.0
2006-07-17;9.37
2006-07-18;9.0
2006-07-19;9.29
2006-07-20;9.0
2006-07-21;9.0
2006-07-24;10.33
2006-07-25;11.35
2006-07-26;13.49
2006-07-27;14.3
2006-07-28;18.64
2006-07-31;20.62
2006-08-01;21.94
2006-08-02;24.82
2006-08-03;24.91
2006-08-04;24.17
2006-08-07;24.71
2006-08-08;19.58
2006-08-09;19.93
2006-08-10;19.67
2006-08-11;20.71
2006-08-14;23.26
2006-08-15;24.53
2006-08-16;22.51
2006-08-17;24.5
2006-08-18;28.37
2006-08-21;30.6
2006-08-22;26.82
2006-08-23;27.88
2006-08-24;24.56
2006-08-25;23.6
2006-08-28;24.37
2006-08-29;24.75
2006-08-30;27.11
2006-08-31;30.87
2006-09-01;31.53
2006-09-04;30.03
2006-09-05;24.73
2006-09-06;27.77
2006-09-07;27.13
2006-09-08;26.65
2006-09-11;26.4
2006-09-12;27.16
2006-09-13;27.96
2006-09-14;26.87
2006-09-15;26.25
2006-09-18;24.41
2006-09-19;22.39
2006-09-20;20.47
2006-09-21;20.14
2006-09-22;17.87
2006-09-25;10.68
2006-09-26;10.19
2006-09-27;9.0
2006-09-28;9.8
2006-09-29;9.0
2006-10-02;10.66
2006-10-03;9.0
2006-10-04;9.0
2006-10-05;9.28
2006-10-06;9.0
2006-10-09;9.0
2006-10-10;11.47
2006-10-11;9.36
2006-10-12;9.0
2006-10-13;11.96
2006-10-16;13.63
2006-10-17;11.16
2006-10-18;10.75
2006-10-19;9.0
2006-10-20;11.76
2006-10-23;14.38
2006-10-24;19.21
2006-10-25;24.93
2006-10-26;23.11
2006-10-27;24.71
2006-10-30;19.74
2006-10-31;20.2
2006-11-01;21.22
2006-11-02;18.76
2006-11-03;17.1
2006-11-06;19.47
2006-11-07;20.6
2006-11-08;24.72
2006-11-09;28.26
2006-11-10;23.68
2006-11-13;22.16
2006-11-14;19.4
2006-11-15;21.3
2006-11-16;21.92
2006-11-17;19.33
2006-11-20;17.22
2006-11-21;20.46
2006-11-22;19.37
2006-11-23;14.31
2006-11-24;11.89
2006-11-27;17.05
2006-11-28;19.69
2006-11-29;16.55
2006-11-30;17.15
2006-12-01;19.62
2006-12-04;15.44
2006-12-05;18.29
2006-12-06;19.45
2006-12-07;17.62
2006-12-08;19.22
2006-12-11;19.98
2006-12-12;20.88
2006-12-13;37.98
2006-12-14;38.69
2006-12-15;34.88
2006-12-18;37.03
2006-12-19;33.04
2006-12-20;30.46
2006-12-21;30.63
2006-12-22;56.93
2006-12-25;55.75
2006-12-26;56.86
2006-12-27;55.33
2006-12-28;51.39
2006-12-29;49.87
2007-01-01;44.45
2007-01-02;46.96
2007-01-03;44.01
2007-01-04;42.07
2007-01-05;44.49
2007-01-08;37.02
2007-01-09;39.33
2007-01-10;39.19
2007-01-11;42.39
2007-01-12;38.89
2007-01-15;38.76
2007-01-16;35.45
2007-01-17;37.41
2007-01-18;39.17
2007-01-19;42.59
2007-01-22;41.43
2007-01-23;45.55
2007-01-24;41.71
2007-01-25;40.47
2007-01-26;36.96
2007-01-29;36.58
2007-01-30;33.46
2007-01-31;35.53
2007-02-01;35.91
2007-02-02;32.36
2007-02-05;33.81
2007-02-06;37.06
2007-02-07;37.62
2007-02-08;33.3
2007-02-09;32.24
2007-02-12;33.37
2007-02-13;32.07
2007-02-14;28.87
2007-02-15;31.48
2007-02-16;30.17
2007-02-19;33.61
2007-02-20;31.61
2007-02-21;30.15
2007-02-22;28.13
2007-02-23;27.29
2007-02-26;28.04
2007-02-27;25.17
2007-02-28;22.0
2007-03-01;17.66
2007-03-02;13.26
2007-03-05;10.19
2007-03-06;9.34
2007-03-07;10.29
2007-03-08;11.75
2007-03-09;12.47
2007-03-12;16.45
2007-03-13;21.12
2007-03-14;20.34
2007-03-15;17.88
2007-03-16;23.38
2007-03-19;26.16
2007-03-20;28.59
2007-03-21;26.73
2007-03-22;28.52
2007-03-23;28.42
2007-03-26;27.79
2007-03-27;27.18
2007-03-28;28.06
2007-03-29;31.36
2007-03-30;36.44
2007-04-02;34.58
2007-04-03;34.32
2007-04-04;33.33
2007-04-05;33.73
2007-04-06;26.69
2007-04-09;25.77
2007-04-10;30.58
2007-04-11;28.33
2007-04-12;26.88
2007-04-13;25.14
2007-04-16;24.49
2007-04-17;21.01
2007-04-18;19.6
2007-04-19;20.66
2007-04-20;21.65
2007-04-23;22.17
2007-04-24;25.5
2007-04-25;26.37
2007-04-26;29.39
2007-04-27;34.58
2007-04-30;36.05
2007-05-01;32.0
2007-05-02;32.1
2007-05-03;31.83
2007-05-04;35.18
2007-05-07;34.12
2007-05-08;31.38
2007-05-09;29.59
2007-05-10;25.95
2007-05-11;18.3
2007-05-14;23.49
2007-05-15;23.34
2007-05-16;20.22
2007-05-17;24.42
2007-05-18;28.92
2007-05-21;28.89
2007-05-22;25.08
2007-05-23;23.66
2007-05-24;22.91
2007-05-25;22.87
2007-05-28;20.05
2007-05-29;22.46
2007-05-30;43.81
2007-05-31;39.81
2007-06-01;43.22
2007-06-04;42.31
2007-06-05;42.44
2007-06-06;37.81
2007-06-07;35.48
2007-06-08;36.23
2007-06-11;37.99
2007-06-12;34.83
2007-06-13;30.78
2007-06-14;31.47
2007-06-15;30.0
2007-06-18;25.66
2007-06-19;21.1
2007-06-20;19.52
2007-06-21;22.22
2007-06-22;25.08
2007-06-25;25.51
2007-06-26;25.61
2007-06-27;24.39
2007-06-28;18.62
2007-06-29;21.42
2007-07-02;22.32
2007-07-03;20.11
2007-07-04;23.5
2007-07-05;20.38
2007-07-06;23.19
2007-07-09;18.68
2007-07-10;25.14
2007-07-11;21.46
2007-07-12;24.38
2007-07-13;22.57
2007-07-16;23.96
2007-07-17;28.18
2007-07-18;27.09
2007-07-19;32.82
2007-07-20;36.67
2007-07-23;32.13
2007-07-24;31.49
2007-07-25;30.32
2007-07-26;29.94
2007-07-27;28.52
2007-07-30;25.84
2007-07-31;25.37
2007-08-01;26.53
2007-08-02;19.9
2007-08-03;22.22
2007-08-06;22.54
2007-08-07;26.29
2007-08-08;24.85
2007-08-09;23.15
2007-08-10;21.0
2007-08-13;22.23
2007-08-14;17.5
2007-08-15;15.79
2007-08-16;16.48
2007-08-17;12.91
2007-08-20;13.47
2007-08-21;17.11
2007-08-22;20.19
2007-08-23;19.89
2007-08-24;22.37
2007-08-27;23.42
2007-08-28;23.72
2007-08-29;25.14
2007-08-30;23.94
2007-08-31;23.03
2007-09-03;23.98
2007-09-04;23.76
2007-09-05;26.42
2007-09-06;28.05
2007-09-07;29.59
2007-09-10;30.49
2007-09-11;30.41
2007-09-12;31.76
2007-09-13;33.78
2007-09-14;34.02
2007-09-17;31.24
2007-09-18;30.71
2007-09-19;26.5
2007-09-20;29.38
2007-09-21;30.79
2007-09-24;28.14
2007-09-25;26.12
2007-09-26;29.14
2007-09-27;26.93
2007-09-28;22.78
2007-10-01;19.73
2007-10-02;18.99
2007-10-03;17.88
2007-10-04;17.01
2007-10-05;18.93
2007-10-08;17.55
2007-10-09;18.7
2007-10-10;15.91
2007-10-11;19.16
2007-10-12;16.56
2007-10-15;16.78
2007-10-16;16.6
2007-10-17;17.59
2007-10-18;19.73
2007-10-19;18.65
2007-10-22;20.81
2007-10-23;23.62
2007-10-24;22.91
2007-10-25;27.25
2007-10-26;27.71
2007-10-29;26.47
2007-10-30;26.35
2007-10-31;30.52
2007-11-01;30.92
2007-11-02;31.29
2007-11-05;31.88
2007-11-06;33.61
2007-11-07;33.8
2007-11-08;34.61
2007-11-09;34.04
2007-11-12;33.78
2007-11-13;35.56
2007-11-14;32.93
2007-11-15;32.32
2007-11-16;31.02
2007-11-19;27.02
2007-11-20;23.51
2007-11-21;23.35
2007-11-22;25.77
2007-11-23;26.0
2007-11-26;24.27
2007-11-27;27.53
2007-11-28;26.17
2007-11-29;23.35
2007-11-30;27.73
2007-12-03;27.53
2007-12-04;31.25
2007-12-05;30.66
2007-12-06;30.15
2007-12-07;58.97
2007-12-10;55.98
2007-12-11;52.37
2007-12-12;52.03
2007-12-13;51.2
2007-12-14;50.04
2007-12-17;43.07
2007-12-18;42.34
2007-12-19;39.73
2007-12-20;39.54
2007-12-21;41.67
2007-12-24;39.44
2007-12-25;38.7
2007-12-26;42.85
2007-12-27;42.37
2007-12-28;41.18
2007-12-31;38.06
2008-01-01;39.19
2008-01-02;55.85
2008-01-03;57.29
2008-01-04;54.09
2008-01-07;72.63
2008-01-08;68.02
2008-01-09;63.7
2008-01-10;57.06
2008-01-11;56.36
2008-01-14;49.33
2008-01-15;47.62
2008-01-16;45.84
2008-01-17;43.7
2008-01-18;43.66
2008-01-21;41.07
2008-01-22;40.45
2008-01-23;42.66
2008-01-24;42.96
2008-01-25;40.76
2008-01-28;39.72
2008-01-29;37.89
2008-01-30;36.56
2008-01-31;36.24
2008-02-01;31.93
2008-02-04;27.31
2008-02-05;24.69
2008-02-06;25.71
2008-02-07;27.04
2008-02-08;28.69
2008-02-11;26.09
2008-02-12;26.0
2008-02-13;24.72
2008-02-14;24.15
2008-02-15;22.92
2008-02-18;23.42
2008-02-19;21.55
2008-02-20;24.37
2008-02-21;27.09
2008-02-22;27.91
2008-02-25;30.08
2008-02-26;25.99
2008-02-27;28.76
2008-02-28;29.25
2008-02-29;27.22
2008-03-03;25.06
2008-03-04;28.81
2008-03-05;30.41
2008-03-06;29.49
2008-03-07;25.41
2008-03-10;28.35
2008-03-11;25.14
2008-03-12;23.95
2008-03-13;23.35
2008-03-14;21.35
2008-03-17;20.76
2008-03-18;20.68
2008-03-19;20.09
2008-03-20;20.85
2008-03-21;24.92
2008-03-24;21.17
2008-03-25;21.49
2008-03-26;18.64
2008-03-27;14.99
2008-03-28;17.59
2008-03-31;18.3
2008-04-01;14.52
2008-04-02;14.28
2008-04-03;9.93
2008-04-04;9.0
2008-04-07;9.0
2008-04-08;9.12
2008-04-09;11.37
2008-04-10;13.23
2008-04-11;12.56
2008-04-14;15.42
2008-04-15;19.1
2008-04-16;20.9
2008-04-17;19.44
2008-04-18;19.12
2008-04-21;23.17
2008-04-22;22.18
2008-04-23;23.51
2008-04-24;21.47
2008-04-25;23.9
2008-04-28;21.57
2008-04-29;21.24
2008-04-30;22.53
2008-05-01;27.01
2008-05-02;27.2
2008-05-05;37.14
2008-05-06;35.42
2008-05-07;36.5
2008-05-08;32.68
2008-05-09;33.21
2008-05-12;30.72
2008-05-13;25.51
2008-05-14;27.37
2008-05-15;29.5
2008-05-16;27.62
2008-05-19;30.13
2008-05-20;29.38
2008-05-21;29.13
2008-05-22;28.28
2008-05-23;24.83
2008-05-26;23.93
2008-05-27;20.79
2008-05-28;22.03
2008-05-29;23.48
2008-05-30;18.58
2008-06-02;20.1
2008-06-03;19.86
2008-06-04;15.62
2008-06-05;16.3
2008-06-06;15.54
2008-06-09;13.98
2008-06-10;11.38
2008-06-11;12.65
2008-06-12;13.18
2008-06-13;13.81
2008-06-16;16.89
2008-06-17;20.79
2008-06-18;15.58
2008-06-19;16.66
2008-06-20;15.5
2008-06-23;16.97
2008-06-24;15.19
2008-06-25;20.24
2008-06-26;21.58
2008-06-27;20.99
2008-06-30;23.87
2008-07-01;21.51
2008-07-02;22.9
2008-07-03;22.15
2008-07-04;21.75
2008-07-07;25.9
2008-07-08;31.56
2008-07-09;31.9
2008-07-10;29.38
2008-07-11;28.57
2008-07-14;26.32
2008-07-15;24.46
2008-07-16;24.51
2008-07-17;22.57
2008-07-18;25.36
2008-07-21;24.54
2008-07-22;24.13
2008-07-23;22.52
2008-07-24;19.28
2008-07-25;16.49
2008-07-28;17.18
2008-07-29;16.48
2008-07-30;17.33
2008-07-31;19.98
2008-08-01;18.14
2008-08-04;23.57
2008-08-05;20.96
2008-08-06;18.0
2008-08-07;20.26
2008-08-08;20.15
2008-08-11;18.19
2008-08-12;15.18
2008-08-13;13.04
2008-08-14;13.45
2008-08-15;17.18
2008-08-18;13.21
2008-08-19;13.84
2008-08-20;15.9
2008-08-21;14.82
2008-08-22;18.62
2008-08-25;19.29
2008-08-26;21.33
2008-08-27;23.14
2008-08-28;25.78
2008-08-29;25.06
2008-09-01;28.83
2008-09-02;28.13
2008-09-03;27.08
2008-09-04;25.98
2008-09-05;24.75
2008-09-08;23.58
2008-09-09;23.5
2008-09-10;23.5
2008-09-11;23.46
2008-09-12;22.75
2008-09-15;24.49
2008-09-16;24.66
2008-09-17;25.44
2008-09-18;22.87
2008-09-19;19.65
2008-09-22;21.27
2008-09-23;23.21
2008-09-24;20.57
2008-09-25;17.79
2008-09-26;20.91
2008-09-29;19.61
2008-09-30;17.91
2008-10-01;15.25
2008-10-02;12.76
2008-10-03;18.38
2008-10-06;18.08
2008-10-07;17.35
2008-10-08;14.56
2008-10-09;10.6
2008-10-10;15.26
2008-10-13;17.97
2008-10-14;45.68
2008-10-15;37.82
2008-10-16;36.63
2008-10-17;34.8
2008-10-20;36.26
2008-10-21;35.43
2008-10-22;35.59
2008-10-23;35.57
2008-10-24;35.73
2008-10-27;34.68
2008-10-28;33.77
2008-10-29;35.88
2008-10-30;37.54
2008-10-31;36.09
2008-11-03;33.64
2008-11-04;33.14
2008-11-05;31.79
2008-11-06;26.58
2008-11-07;25.48
2008-11-10;24.57
2008-11-11;20.46
2008-11-12;20.01
2008-11-13;19.55
2008-11-14;20.77
2008-11-17;25.24
2008-11-18;24.1
2008-11-19;24.56
2008-11-20;23.04
2008-11-21;21.66
2008-11-24;22.45
2008-11-25;21.27
2008-11-26;21.02
2008-11-27;21.93
2008-11-28;22.47
2008-12-01;16.35
2008-12-02;15.27
2008-12-03;18.23
2008-12-04;14.38
2008-12-05;9.0
2008-12-08;10.95
2008-12-09;11.99
2008-12-10;9.64
2008-12-11;10.41
2008-12-12;9.3
2008-12-15;11.04
2008-12-16;9.0
2008-12-17;9.0
2008-12-18;9.0
2008-12-19;11.52
2008-12-22;37.54
2008-12-23;35.83
2008-12-24;35.08
2008-12-25;37.03
2008-12-26;38.41
2008-12-29;42.44
2008-12-30;46.99
2008-12-31;51.9
2009-01-01;50.18
2009-01-02;49.02
2009-01-05;52.37
2009-01-06;53.94
2009-01-07;50.7
2009-01-08;47.01
2009-01-09;40.86
2009-01-12;40.68
2009-01-13;43.04
2009-01-14;39.96
2009-01-15;37.13
2009-01-16;28.99
2009-01-19;30.0
2009-01-20;32.11
2009-01-21;31.98
2009-01-22;29.46
2009-01-23;28.37
2009-01-26;26.97
2009-01-27;27.97
2009-01-28;25.67
2009-01-29;22.24
2009-01-30;17.39
2009-02-02;16.0
2009-02-03;18.53
2009-02-04;16.32
2009-02-05;12.55
2009-02-06;9.84
2009-02-09;9.0
2009-02-10;9.0
2009-02-11;9.0
2009-02-12;9.0
2009-02-13;11.47
2009-02-16;9.1
2009-02-17;10.27
2009-02-18;9.21
2009-02-19;9.0
2009-02-20;11.23
2009-02-23;11.3
2009-02-24;14.72
2009-02-25;13.54
2009-02-26;11.04
2009-02-27;10.51
2009-03-02;9.26
2009-03-03;13.89
2009-03-04;12.38
2009-03-05;13.47
2009-03-06;13.6
2009-03-09;11.05
2009-03-10;9.24
2009-03-11;10.01
2009-03-12;10.75
2009-03-13;10.2
2009-03-16;30.47
2009-03-17;32.97
2009-03-18;29.61
2009-03-19;27.61
2009-03-20;29.46
2009-03-23;30.66
2009-03-24;27.22
2009-03-25;28.02
2009-03-26;25.98
2009-03-27;20.49
2009-03-30;19.65
2009-03-31;24.51
2009-04-01;26.83
2009-04-02;26.34
2009-04-03;22.04
2009-04-06;16.83
2009-04-07;17.08
2009-04-08;18.21
2009-04-09;20.06
2009-04-10;21.52
2009-04-13;23.12
2009-04-14;23.63
2009-04-15;26.41
2009-04-16;24.75
2009-04-17;24.57
2009-04-20;19.96
2009-04-21;18.57
2009-04-22;21.1
2009-04-23;22.64
2009-04-24;16.55
2009-04-27;21.8
2009-04-28;22.08
2009-04-29;22.39
2009-04-30;20.73
2009-05-01;19.66
2009-05-04;20.01
2009-05-05;21.45
2009-05-06;22.17
2009-05-07;20.7
2009-05-08;18.39
2009-05-11;16.03
2009-05-12;18.91
2009-05-13;21.29
2009-05-14;22.42
2009-05-15;24.96
2009-05-18;24.37
2009-05-19;26.24
2009-05-20;27.26
2009-05-21;29.06
2009-05-22;25.94
2009-05-25;19.37
2009-05-26;20.03
2009-05-27;15.13
2009-05-28;14.47
2009-05-29;9.18
2009-06-01;12.83
2009-06-02;15.53
2009-06-03;16.61
2009-06-04;14.64
2009-06-05;10.43
2009-06-08;9.0
2009-06-09;9.0
2009-06-10;11.26
2009-06-11;10.82
2009-06-12;12.51
2009-06-15;14.24
2009-06-16;16.2
2009-06-17;11.52
2009-06-18;10.02
2009-06-19;11.7
2009-06-22;15.83
2009-06-23;18.89
2009-06-24;19.66
2009-06-25;22.82
2009-06-26;23.38
2009-06-29;19.3
2009-06-30;20.97
2009-07-01;23.87
2009-07-02;28.27
2009-07-03;26.38
2009-07-06;23.15
2009-07-07;25.09
2009-07-08;25.85
2009-07-09;26.34
2009-07-10;29.21
2009-07-13;30.84
2009-07-14;31.56
2009-07-15;29.8
2009-07-16;31.18
2009-07-17;27.61
2009-07-20;27.92
2009-07-21;27.41
2009-07-22;23.03
2009-07-23;23.91
2009-07-24;22.24
2009-07-27;23.09
2009-07-28;20.52
2009-07-29;22.61
2009-07-30;26.65
2009-07-31;20.87
2009-08-03;17.81
2009-08-04;15.5
2009-08-05;12.32
2009-08-06;12.14
2009-08-07;13.46
2009-08-10;15.49
2009-08-11;16.35
2009-08-12;18.15
2009-08-13;18.05
2009-08-14;16.65
2009-08-17;14.45
2009-08-18;14.26
2009-08-19;12.24
2009-08-20;13.47
2009-08-21;11.53
2009-08-24;10.71
2009-08-25;13.83
2009-08-26;17.07
2009-08-27;20.05
2009-08-28;19.89
2009-08-31;18.49
2009-09-01;19.79
2009-09-02;17.58
2009-09-03;19.54
2009-09-04;17.94
2009-09-07;17.47
2009-09-08;19.49
2009-09-09;14.94
2009-09-10;13.67
2009-09-11;14.89
2009-09-14;16.58
2009-09-15;17.75
2009-09-16;17.26
2009-09-17;19.55
2009-09-18;17.14
2009-09-21;14.74
2009-09-22;15.88
2009-09-23;13.38
2009-09-24;17.99
2009-09-25;20.04
2009-09-28;18.59
2009-09-29;20.77
2009-09-30;17.63
2009-10-01;21.35
2009-10-02;21.3
2009-10-05;19.72
2009-10-06;18.96
2009-10-07;17.11
2009-10-08;16.68
2009-10-09;13.88
2009-10-12;18.71
2009-10-13;17.33
2009-10-14;19.52
2009-10-15;20.04
2009-10-16;17.55
2009-10-19;17.18
2009-10-20;20.28
2009-10-21;19.09
2009-10-22;16.41
2009-10-23;17.93
2009-10-26;12.58
2009-10-27;12.23
2009-10-28;15.82
2009-10-29;15.47
2009-10-30;18.01
2009-11-02;15.36
2009-11-03;14.93
2009-11-04;14.3
2009-11-05;15.78
2009-11-06;16.13
2009-11-09;11.25
2009-11-10;15.27
2009-11-11;24.7
2009-11-12;21.51
2009-11-13;47.66
2009-11-16;45.12
2009-11-17;48.16
2009-11-18;47.61
2009-11-19;49.36
2009-11-20;50.61
2009-11-23;50.12
2009-11-24;49.55
2009-11-25;50.14
2009-11-26;49.92
2009-11-27;45.35
2009-11-30;39.01
2009-12-01;30.96
2009-12-02;29.82
2009-12-03;32.78
2009-12-04;28.63
2009-12-07;28.09
2009-12-08;27.04
2009-12-09;28.23
2009-12-10;29.55
2009-12-11;34.43
2009-12-14;34.3
2009-12-15;31.56
2009-12-16;29.54
2009-12-17;27.86
2009-12-18;25.84
2009-12-21;29.68
2009-12-22;30.8
2009-12-23;26.16
2009-12-24;27.03
2009-12-25;24.01
2009-12-28;25.52
2009-12-29;27.98
2009-12-30;26.98
2009-12-31;25.17
2010-01-01;28.56
2010-01-04;26.36
2010-01-05;24.03
2010-01-06;21.42
2010-01-07;21.12
2010-01-08;48.65
2010-01-11;46.46
2010-01-12;45.79
2010-01-13;43.27
2010-01-14;42.39
2010-01-15;44.46
2010-01-18;41.64
2010-01-19;40.23
2010-01-20;40.66
2010-01-21;40.83
2010-01-22;41.13
2010-01-25;38.89
2010-01-26;39.85
2010-01-27;39.15
2010-01-28;35.22
2010-01-29;34.53
2010-02-01;33.09
2010-02-02;27.33
2010-02-03;32.22
2010-02-04;31.67
2010-02-05;36.05
2010-02-08;36.24
2010-02-09;33.0
2010-02-10;29.62
2010-02-11;30.0
2010-02-12;29.96
2010-02-15;27.81
2010-02-16;19.65
2010-02-17;19.96
2010-02-18;24.94
2010-02-19;29.73
2010-02-22;30.68
2010-02-23;29.2
2010-02-24;29.34
2010-02-25;26.82
2010-02-26;28.11
2010-03-01;24.51
2010-03-02;24.92
2010-03-03;27.2
2010-03-04;28.06
2010-03-05;25.53
2010-03-08;28.63
2010-03-09;28.24
2010-03-10;27.93
2010-03-11;29.1
2010-03-12;20.43
2010-03-15;18.34
2010-03-16;17.55
2010-03-17;20.56
2010-03-18;16.75
2010-03-19;17.93
2010-03-22;16.18
2010-03-23;15.57
2010-03-24;13.55
2010-03-25;12.55
2010-03-26;12.77
2010-03-29;12.76
2010-03-30;11.22
2010-03-31;9.0
2010-04-01;9.0
2010-04-02;9.0
2010-04-05;11.18
2010-04-06;9.27
2010-04-07;9.0
2010-04-08;12.41
2010-04-09;11.88
2010-04-12;13.3
2010-04-13;11.26
2010-04-14;14.56
2010-04-15;14.74
2010-04-16;11.66
2010-04-19;13.75
2010-04-20;13.54
2010-04-21;16.35
2010-04-22;19.72
2010-04-23;18.76
2010-04-26;54.15
2010-04-27;53.88
2010-04-28;53.71
2010-04-29;50.83
2010-04-30;47.37
2010-05-03;43.96
2010-05-04;42.93
2010-05-05;43.47
2010-05-06;41.92
2010-05-07;35.35
2010-05-10;33.23
2010-05-11;31.14
2010-05-12;31.76
2010-05-13;32.47
2010-05-14;32.2
2010-05-17;33.74
2010-05-18;35.4
2010-05-19;33.41
2010-05-20;30.65
2010-05-21;29.91
2010-05-24;25.17
2010-05-25;25.26
2010-05-26;23.66
2010-05-27;31.15
2010-05-28;33.97
2010-05-31;31.72
2010-06-01;28.58
2010-06-02;26.42
2010-06-03;28.49
2010-06-04;30.53
2010-06-07;33.41
2010-06-08;30.58
2010-06-09;31.22
2010-06-10;28.7
2010-06-11;32.27
2010-06-14;29.57
2010-06-15;26.02
2010-06-16;23.03
2010-06-17;22.83
2010-06-18;24.34
2010-06-21;25.61
2010-06-22;22.74
2010-06-23;21.64
2010-06-24;20.29
2010-06-25;17.37
2010-06-28;16.18
2010-06-29;19.66
2010-06-30;16.47
2010-07-01;17.15
2010-07-02;20.65
2010-07-05;23.82
2010-07-06;27.77
2010-07-07;28.11
2010-07-08;28.8
2010-07-09;27.08
2010-07-12;23.48
2010-07-13;22.92
2010-07-14;25.49
2010-07-15;19.71
2010-07-16;18.55
2010-07-19;19.96
2010-07-20;19.94
2010-07-21;23.0
2010-07-22;25.28
2010-07-23;21.49
2010-07-26;21.6
2010-07-27;19.67
2010-07-28;17.81
2010-07-29;14.56
2010-07-30;15.41
2010-08-02;18.75
2010-08-03;19.6
2010-08-04;16.12
2010-08-05;16.16
2010-08-06;17.59
2010-08-09;17.38
2010-08-10;18.25
2010-08-11;16.68
2010-08-12;16.23
2010-08-13;15.66
2010-08-16;19.48
2010-08-17;16.96
2010-08-18;11.87
2010-08-19;15.7
2010-08-20;16.18
2010-08-23;13.35
2010-08-24;15.88
2010-08-25;17.47
2010-08-26;21.66
2010-08-27;22.03
2010-08-30;27.89
2010-08-31;27.18
2010-09-01;28.21
2010-09-02;29.56
2010-09-03;36.84
2010-09-06;34.91
2010-09-07;33.01
2010-09-08;34.16
2010-09-09;30.24
2010-09-10;27.87
2010-09-13;27.1
2010-09-14;53.67
2010-09-15;53.8
2010-09-16;54.05
2010-09-17;52.65
2010-09-20;52.65
2010-09-21;50.84
2010-09-22;45.29
2010-09-23;43.47
2010-09-24;37.71
2010-09-27;39.42
2010-09-28;39.65
2010-09-29;41.11
2010-09-30;40.61
2010-10-01;41.81
2010-10-04;40.05
2010-10-05;34.99
2010-10-06;32.03
2010-10-07;33.81
2010-10-08;36.87
2010-10-11;34.7
2010-10-12;33.9
2010-10-13;28.68
2010-10-14;29.29
2010-10-15;30.88
2010-10-18;29.5
2010-10-19;30.85
2010-10-20;32.63
2010-10-21;31.0
2010-10-22;25.67
2010-10-25;22.24
2010-10-26;22.87
2010-10-27;22.71
2010-10-28;21.45
2010-10-29;17.29
2010-11-01;15.47
2010-11-02;17.9
2010-11-03;21.84
2010-11-04;21.93
2010-11-05;17.48
2010-11-08;18.13
2010-11-09;18.42
2010-11-10;17.41
2010-11-11;15.68
2010-11-12;15.8
2010-11-15;17.55
2010-11-16;16.96
2010-11-17;15.84
2010-11-18;15.76
2010-11-19;16.73
2010-11-22;17.19
2010-11-23;17.45
2010-11-24;15.88
2010-11-25;17.82
2010-11-26;20.88
2010-11-29;20.9
2010-11-30;22.84
2010-12-01;23.29
2010-12-02;20.61
2010-12-03;22.17
2010-12-06;22.0
2010-12-07;23.75
2010-12-08;27.41
2010-12-09;26.2
2010-12-10;23.53
2010-12-13;21.7
2010-12-14;23.12
2010-12-15;24.41
2010-12-16;25.83
2010-12-17;24.67
2010-12-20;24.75
2010-12-21;24.59
2010-12-22;27.92
2010-12-23;26.39
2010-12-24;24.65
2010-12-27;23.33
2010-12-28;25.78
2010-12-29;27.46
2010-12-30;24.12
2010-12-31;20.84
2011-01-03;21.82
2011-01-04;21.61
2011-01-05;17.11
2011-01-06;14.31
2011-01-07;14.6
2011-01-10;50.24
2011-01-11;50.33
2011-01-12;47.53
2011-01-13;45.75
2011-01-14;42.53
2011-01-17;38.55
2011-01-18;36.56
2011-01-19;33.22
2011-01-20;29.28
2011-01-21;36.12
2011-01-24;36.44
2011-01-25;36.16
2011-01-26;37.81
2011-01-27;37.34
2011-01-28;37.08
2011-01-31;34.65
2011-02-01;33.32
2011-02-02;36.23
2011-02-03;36.48
2011-02-04;37.18
2011-02-07;36.96
2011-02-08;35.7
2011-02-09;30.61
2011-02-10;33.13
2011-02-11;34.26
2011-02-14;33.68
2011-02-15;31.03
2011-02-16;32.48
2011-02-17;29.72
2011-02-18;30.82
2011-02-21;28.82
2011-02-22;29.19
2011-02-23;32.0
2011-02-24;31.8
2011-02-25;32.52
2011-02-28;36.45
2011-03-01;36.6
2011-03-02;33.57
2011-03-03;34.56
2011-03-04;33.13
2011-03-07;36.41
2011-03-08;34.79
2011-03-09;33.27
2011-03-10;33.86
2011-03-11;33.92
2011-03-14;34.85
2011-03-15;33.08
2011-03-16;34.44
2011-03-17;29.87
2011-03-18;28.1
2011-03-21;29.2
2011-03-22;24.4
2011-03-23;25.31
2011-03-24;25.74
2011-03-25;23.78
2011-03-28;24.72
2011-03-29;22.95
2011-03-30;24.61
2011-03-31;25.26
2011-04-01;27.39
2011-04-04;32.28
2011-04-05;32.58
2011-04-06;34.71
2011-04-07;31.22
2011-04-08;32.15
2011-04-11;26.32
2011-04-12;27.67
2011-04-13;24.57
2011-04-14;26.37
2011-04-15;29.09
2011-04-18;30.1
2011-04-19;25.26
2011-04-20;24.01
2011-04-21;19.12
2011-04-22;24.17
2011-04-25;25.34
2011-04-26;26.96
2011-04-27;24.14
2011-04-28;21.85
2011-04-29;21.31
2011-05-02;23.65
2011-05-03;21.58
2011-05-04;26.24
2011-05-05;22.32
2011-05-06;21.72
2011-05-09;25.04
2011-05-10;22.3
2011-05-11;21.03
2011-05-12;21.4
2011-05-13;18.89
2011-05-16;14.89
2011-05-17;13.38
2011-05-18;16.75
2011-05-19;16.43
2011-05-20;14.07
2011-05-23;11.9
2011-05-24;14.56
2011-05-25;13.14
2011-05-26;14.54
2011-05-27;14.03
2011-05-30;15.14
2011-05-31;17.65
2011-06-01;20.24
2011-06-02;17.96
2011-06-03;17.64
2011-06-06;16.51
2011-06-07;19.5
2011-06-08;17.22
2011-06-09;18.36
2011-06-10;19.3
2011-06-13;17.24
2011-06-14;13.34
2011-06-15;12.08
2011-06-16;11.71
2011-06-17;11.51
2011-06-20;11.09
2011-06-21;13.12
2011-06-22;15.45
2011-06-23;18.33
2011-06-24;16.6
2011-06-27;16.46
2011-06-28;20.22
2011-06-29;19.79
2011-06-30;24.41
2011-07-01;22.85
2011-07-04;24.03
2011-07-05;25.52
2011-07-06;24.84
2011-07-07;23.58
2011-07-08;20.8
2011-07-11;19.84
2011-07-12;16.58
2011-07-13;19.45
2011-07-14;15.77
2011-07-15;14.38
2011-07-18;15.13
2011-07-19;15.5
2011-07-20;13.67
2011-07-21;14.73
2011-07-22;11.83
2011-07-25;12.73
2011-07-26;11.26
2011-07-27;9.0
2011-07-28;9.0
2011-07-29;11.72
2011-08-01;10.18
2011-08-02;12.36
2011-08-03;12.58
2011-08-04;10.48
2011-08-05;9.94
2011-08-08;9.99
2011-08-09;9.0
2011-08-10;9.0
2011-08-11;9.0
2011-08-12;9.0
2011-08-15;11.51
2011-08-16;12.95
2011-08-17;14.18
2011-08-18;12.7
2011-08-19;10.66
2011-08-22;11.64
2011-08-23;13.95
2011-08-24;19.22
2011-08-25;22.09
2011-08-26;25.3
2011-08-29;27.53
2011-08-30;26.74
2011-08-31;24.23
2011-09-01;19.04
2011-09-02;18.4
2011-09-05;20.84
2011-09-06;19.32
2011-09-07;19.54
2011-09-08;18.07
2011-09-09;19.18
2011-09-12;18.46
2011-09-13;42.45
2011-09-14;38.08
2011-09-15;42.05
2011-09-16;42.05
2011-09-19;34.96
2011-09-20;36.05
2011-09-21;33.44
2011-09-22;31.78
2011-09-23;30.22
2011-09-26;34.89
2011-09-27;33.8
2011-09-28;31.46
2011-09-29;32.62
2011-09-30;33.29
2011-10-03;33.02
2011-10-04;28.89
2011-10-05;27.21
2011-10-06;28.93
2011-10-07;27.89
2011-10-10;27.12
2011-10-11;28.33
2011-10-12;28.53
2011-10-13;29.34
2011-10-14;30.42
2011-10-17;28.01
2011-10-18;25.93
2011-10-19;23.47
2011-10-20;21.74
2011-10-21;21.18
2011-10-24;20.82
2011-10-25;24.04
2011-10-26;24.34
2011-10-27;23.7
2011-10-28;29.74
2011-10-31;26.59
2011-11-01;25.35
2011-11-02;29.28
2011-11-03;32.97
2011-11-04;31.38
2011-11-07;26.61
2011-11-08;25.02
2011-11-09;28.07
2011-11-10;27.21
2011-11-11;28.42
2011-11-14;27.81
2011-11-15;23.77
2011-11-16;23.48
2011-11-17;25.22
2011-11-18;23.38
2011-11-21;25.05
2011-11-22;24.85
2011-11-23;26.31
2011-11-24;26.65
2011-11-25;23.8
2011-11-28;22.72
2011-11-29;21.62
2011-11-30;19.85
2011-12-01;20.31
2011-12-02;25.02
2011-12-05;27.31
2011-12-06;29.83
2011-12-07;27.51
2011-12-08;30.07
2011-12-09;33.39
2011-12-12;30.82
2011-12-13;31.21
2011-12-14;46.68
2011-12-15;44.63
2011-12-16;39.76
2011-12-19;40.47
2011-12-20;40.63
2011-12-21;38.76
2011-12-22;37.38
2011-12-23;38.41
2011-12-26;37.92
2011-12-27;35.96
2011-12-28;35.38
2011-12-29;31.96
2011-12-30;29.4
2012-01-02;28.82
2012-01-03;28.14
2012-01-04;28.15
2012-01-05;27.59
2012-01-06;24.06
2012-01-09;27.55
2012-01-10;29.93
2012-01-11;30.29
2012-01-12;28.57
2012-01-13;30.5
2012-01-16;32.02
2012-01-17;34.72
2012-01-18;35.42
2012-01-19;33.82
2012-01-20;34.46
2012-01-23;28.89
2012-01-24;27.43
2012-01-25;31.46
2012-01-26;27.81
2012-01-27;23.19
2012-01-30;22.27
2012-01-31;21.44
2012-02-01;23.53
2012-02-02;23.95
2012-02-03;23.7
2012-02-06;19.52
2012-02-07;19.54
2012-02-08;17.72
2012-02-09;19.62
2012-02-10;19.71
2012-02-13;13.73
2012-02-14;17.23
2012-02-15;9.0
2012-02-16;9.0
2012-02-17;9.83
2012-02-20;9.94
2012-02-21;11.69
2012-02-22;10.64
2012-02-23;9.24
2012-02-24;9.22
2012-02-27;13.3
2012-02-28;10.65
2012-02-29;11.17
2012-03-01;12.3
2012-03-02;13.01
2012-03-05;11.98
2012-03-06;11.41
2012-03-07;11.41
2012-03-08;11.75
2012-03-09;9.0
2012-03-12;10.9
2012-03-13;12.26
2012-03-14;14.75
2012-03-15;10.48
2012-03-16;11.6
2012-03-19;11.66
2012-03-20;12.41
2012-03-21;12.22
2012-03-22;13.55
2012-03-23;12.28
2012-03-26;12.82
2012-03-27;9.1
2012-03-28;9.0
2012-03-29;9.0
2012-03-30;9.0
2012-04-02;9.78
2012-04-03;11.1
2012-04-04;10.57
2012-04-05;12.81
2012-04-06;16.38
2012-04-09;21.41
2012-04-10;18.2
2012-04-11;19.57
2012-04-12;19.85
2012-04-13;19.7
2012-04-16;16.57
2012-04-17;16.65
2012-04-18;11.12
2012-04-19;11.02
2012-04-20;9.0
2012-04-23;9.0
2012-04-24;11.94
2012-04-25;10.63
2012-04-26;9.0
2012-04-27;10.17
2012-04-30;9.0
2012-05-01;14.46
2012-05-02;10.82
2012-05-03;18.34
2012-05-04;16.96
2012-05-07;15.54
2012-05-08;12.21
2012-05-09;13.49
2012-05-10;9.0
2012-05-11;10.21
2012-05-14;12.8
2012-05-15;9.95
2012-05-16;14.42
2012-05-17;12.53
2012-05-18;12.06
2012-05-21;9.0
2012-05-22;9.1
2012-05-23;10.72
2012-05-24;9.0
2012-05-25;9.95
2012-05-28;11.37
2012-05-29;13.52
2012-05-30;13.65
2012-05-31;16.92
2012-06-01;13.82
2012-06-04;14.92
2012-06-05;13.2
2012-06-06;14.17
2012-06-07;14.57
2012-06-08;12.76
2012-06-11;12.74
2012-06-12;10.97
2012-06-13;15.99
2012-06-14;17.66
2012-06-15;22.4
2012-06-18;19.89
2012-06-19;15.46
2012-06-20;16.39
2012-06-21;17.33
2012-06-22;19.1
2012-06-25;20.8
2012-06-26;25.17
2012-06-27;26.54
2012-06-28;23.42
2012-06-29;19.59
2012-07-02;24.25
2012-07-03;23.86
2012-07-04;26.91
2012-07-05;24.32
2012-07-06;25.65
2012-07-09;23.09
2012-07-10;16.75
2012-07-11;19.6
2012-07-12;16.44
2012-07-13;13.16
2012-07-16;13.03
2012-07-17;12.96
2012-07-18;13.83
2012-07-19;14.95
2012-07-20;12.94
2012-07-23;9.86
2012-07-24;13.42
2012-07-25;15.68
2012-07-26;12.7
2012-07-27;9.0
2012-07-30;9.0
2012-07-31;9.0
2012-08-01;9.0
2012-08-02;11.31
2012-08-03;11.15
2012-08-06;14.32
2012-08-07;13.62
2012-08-08;16.47
2012-08-09;15.29
2012-08-10;9.26
2012-08-13;10.55
2012-08-14;9.0
2012-08-15;9.0
2012-08-16;9.0
2012-08-17;9.28
2012-08-20;10.04
2012-08-21;11.69
2012-08-22;9.0
2012-08-23;9.0
2012-08-24;9.0
2012-08-27;10.74
2012-08-28;11.59
2012-08-29;9.33
2012-08-30;12.32
2012-08-31;9.0
2012-09-03;10.16
2012-09-04;9.0
2012-09-05;11.39
2012-09-06;10.1
2012-09-07;17.8
2012-09-10;18.58
2012-09-11;22.02
2012-09-12;26.37
2012-09-13;25.16
2012-09-14;24.37
2012-09-17;27.22
2012-09-18;26.84
2012-09-19;23.72
2012-09-20;19.22
2012-09-21;19.57
2012-09-24;17.95
2012-09-25;19.78
2012-09-26;18.45
2012-09-27;22.84
2012-09-28;20.23
2012-10-01;16.85
2012-10-02;16.44
2012-10-03;18.1
2012-10-04;20.15
2012-10-05;20.13
2012-10-08;24.62
2012-10-09;24.09
2012-10-10;22.92
2012-10-11;23.48
2012-10-12;20.27
2012-10-15;22.77
2012-10-16;38.64
2012-10-17;42.66
2012-10-18;42.49
2012-10-19;39.34
2012-10-22;38.45
2012-10-23;38.85
2012-10-24;38.65
2012-10-25;35.2
2012-10-26;35.71
2012-10-29;37.78
2012-10-30;33.82
2012-10-31;30.32
2012-11-01;28.2
2012-11-02;27.23
2012-11-05;28.94
2012-11-06;31.32
2012-11-07;28.63
2012-11-08;28.68
2012-11-09;30.95
2012-11-12;35.83
2012-11-13;35.5
2012-11-14;35.32
2012-11-15;35.53
2012-11-16;33.93
2012-11-19;33.5
2012-11-20;27.89
2012-11-21;26.0
2012-11-22;26.93
2012-11-23;24.33
2012-11-26;26.25
2012-11-27;21.67
2012-11-28;23.61
2012-11-29;25.45
2012-11-30;30.66
2012-12-03;29.21
2012-12-04;28.73
2012-12-05;32.1
2012-12-06;34.91
2012-12-07;36.69
2012-12-10;36.69
2012-12-11;39.58
2012-12-12;45.18
2012-12-13;45.39
2012-12-14;44.22
2012-12-17;44.79
2012-12-18;43.98
2012-12-19;42.07
2012-12-20;43.11
2012-12-21;40.68
2012-12-24;41.07
2012-12-25;36.22
2012-12-26;39.65
2012-12-27;36.71
2012-12-28;32.51
2012-12-31;35.2
2013-01-01;38.29
2013-01-02;38.15
2013-01-03;36.98
2013-01-04;35.27
2013-01-07;35.15
2013-01-08;34.26
2013-01-09;33.12
2013-01-10;30.26
2013-01-11;57.12
2013-01-14;55.45
2013-01-15;55.42
2013-01-16;54.2
2013-01-17;52.91
2013-01-18;49.41
2013-01-21;47.06
2013-01-22;41.0
2013-01-23;37.75
2013-01-24;39.5
2013-01-25;36.59
2013-01-28;36.7
2013-01-29;33.73
2013-01-30;35.22
2013-01-31;35.59
2013-02-01;31.71
2013-02-04;33.47
2013-02-05;35.95
2013-02-06;33.07
2013-02-07;31.76
2013-02-08;28.64
2013-02-11;30.27
2013-02-12;29.8
2013-02-13;29.34
2013-02-14;23.5
2013-02-15;22.94
2013-02-18;26.08
2013-02-19;31.28
2013-02-20;67.34
2013-02-21;67.11
2013-02-22;62.79
2013-02-25;58.45
2013-02-26;58.32
2013-02-27;57.5
2013-02-28;55.2
2013-03-01;51.12
2013-03-04;49.9
2013-03-05;50.56
2013-03-06;52.95
2013-03-07;49.75
2013-03-08;47.83
2013-03-11;47.51
2013-03-12;45.16
2013-03-13;40.57
2013-03-14;39.13
2013-03-15;35.12
2013-03-18;36.75
2013-03-19;35.12
2013-03-20;34.19
2013-03-21;31.58
2013-03-22;30.92
2013-03-25;33.55
2013-03-26;35.55
2013-03-27;32.06
2013-03-28;24.65
2013-03-29;24.02
2013-04-01;23.05
2013-04-02;21.97
2013-04-03;20.47
2013-04-04;48.66
2013-04-05;47.42
2013-04-08;48.46
2013-04-09;50.96
2013-04-10;46.36
2013-04-11;50.41
2013-04-12;44.21
2013-04-15;41.72
2013-04-16;42.01
2013-04-17;38.17
2013-04-18;36.46
2013-04-19;34.45
2013-04-22;26.5
2013-04-23;21.9
2013-04-24;21.61
2013-04-25;19.69
2013-04-26;17.49
2013-04-29;16.45
2013-04-30;19.82
2013-05-01;22.35
2013-05-02;32.41
2013-05-03;29.87
2013-05-06;30.25
2013-05-07;33.05
2013-05-08;34.69
2013-05-09;32.42
2013-05-10;33.02
2013-05-13;28.11
2013-05-14;30.19
2013-05-15;36.25
2013-05-16;36.17
2013-05-17;38.81
2013-05-20;34.48
2013-05-21;31.22
2013-05-22;29.81
2013-05-23;28.9
2013-05-24;29.2
2013-05-27;27.21
2013-05-28;27.18
2013-05-29;29.21
2013-05-30;29.96
2013-05-31;28.53
2013-06-03;29.94
2013-06-04;28.41
2013-06-05;28.17
2013-06-06;30.01
2013-06-07;29.03
2013-06-10;25.53
2013-06-11;25.37
2013-06-12;27.38
2013-06-13;29.53
2013-06-14;26.43
2013-06-17;27.83
2013-06-18;26.81
2013-06-19;30.11
2013-06-20;26.6
2013-06-21;27.94
2013-06-24;26.65
2013-06-25;24.83
2013-06-26;26.96
2013-06-27;29.41
2013-06-28;24.05
2013-07-01;26.26
2013-07-02;25.75
2013-07-03;25.51
2013-07-04;22.11
2013-07-05;23.5
2013-07-08;29.11
2013-07-09;27.31
2013-07-10;30.0
2013-07-11;29.46
2013-07-12;27.73
2013-07-15;23.79
2013-07-16;27.06
2013-07-17;26.96
2013-07-18;25.47
2013-07-19;24.45
2013-07-22;25.93
2013-07-23;24.5
2013-07-24;21.94
2013-07-25;21.53
2013-07-26;21.07
2013-07-29;20.58
2013-07-30;19.44
2013-07-31;22.63
2013-08-01;29.42
2013-08-02;26.33
2013-08-05;20.8
2013-08-06;20.14
2013-08-07;15.16
2013-08-08;11.63
2013-08-09;10.74
2013-08-12;12.88
2013-08-13;12.6
2013-08-14;9.0
2013-08-15;9.0
2013-08-16;9.06
2013-08-19;9.15
2013-08-20;12.41
2013-08-21;15.03
2013-08-22;15.44
2013-08-23;20.78
2013-08-26;17.12
2013-08-27;15.96
2013-08-28;15.82
2013-08-29;15.94
2013-08-30;12.56
2013-09-02;9.0
2013-09-03;9.52
2013-09-04;9.0
2013-09-05;9.0
2013-09-06;9.82
2013-09-09;9.0
2013-09-10;10.35
2013-09-11;21.95
2013-09-12;23.67
2013-09-13;21.69
2013-09-16;25.29
2013-09-17;22.42
2013-09-18;22.39
2013-09-19;23.57
2013-09-20;25.79
2013-09-23;28.87
2013-09-24;27.81
2013-09-25;28.77
2013-09-26;29.74
2013-09-27;27.07
2013-09-30;26.15
2013-10-01;23.28
2013-10-02;21.86
2013-10-03;21.37
2013-10-04;22.57
2013-10-07;21.17
2013-10-08;23.48
2013-10-09;19.79
2013-10-10;18.67
2013-10-11;17.23
2013-10-14;19.6
2013-10-15;18.78
2013-10-16;17.51
2013-10-17;14.5
2013-10-18;16.29
2013-10-21;12.25
2013-10-22;14.25
2013-10-23;14.17
2013-10-24;13.02
2013-10-25;12.42
2013-10-28;11.96
2013-10-29;11.48
2013-10-30;9.0
2013-10-31;12.01
2013-11-01;9.54
2013-11-04;9.0
2013-11-05;9.0
2013-11-06;11.41
2013-11-07;12.41
2013-11-08;10.27
2013-11-11;14.25
2013-11-12;13.94
2013-11-13;18.77
2013-11-14;19.89
2013-11-15;21.05
2013-11-18;19.02
2013-11-19;14.68
2013-11-20;12.62
2013-11-21;14.96
2013-11-22;15.63
2013-11-25;12.65
2013-11-26;17.46
2013-11-27;17.68
2013-11-28;18.29
2013-11-29;19.78
2013-12-02;18.02
2013-12-03;21.36
2013-12-04;17.32
2013-12-05;18.9
2013-12-06;25.28
2013-12-09;20.35
2013-12-10;16.77
2013-12-11;19.15
2013-12-12;14.82
2013-12-13;16.3
2013-12-16;16.49
2013-12-17;18.08
2013-12-18;16.5
2013-12-19;16.1
2013-12-20;16.44
2013-12-23;18.79
2013-12-24;16.29
2013-12-25;15.12
2013-12-26;14.11
2013-12-27;9.0
2013-12-30;12.51
2013-12-31;9.0
2014-01-01;13.44
2014-01-02;15.29
2014-01-03;16.56
2014-01-06;14.26
2014-01-07;16.15
2014-01-08;15.97
2014-01-09;16.45
2014-01-10;20.76
2014-01-13;20.1
2014-01-14;23.61
2014-01-15;22.56
2014-01-16;14.93
2014-01-17;12.44
2014-01-20;9.55
2014-01-21;10.6
2014-01-22;12.87
2014-01-23;14.68
2014-01-24;17.53
2014-01-27;18.78
2014-01-28;15.37
2014-01-29;16.13
2014-01-30;14.66
2014-01-31;15.02
2014-02-03;14.33
2014-02-04;13.33
2014-02-05;12.87
2014-02-06;17.06
2014-02-07;12.1
2014-02-10;9.36
2014-02-11;9.0
2014-02-12;9.0
2014-02-13;10.83
2014-02-14;9.0
2014-02-17;9.0
2014-02-18;11.15
2014-02-19;13.99
2014-02-20;10.02
2014-02-21;12.79
2014-02-24;14.84
2014-02-25;17.89
2014-02-26;17.58
2014-02-27;18.01
2014-02-28;19.85
2014-03-03;19.99
2014-03-04;15.91
2014-03-05;13.36
2014-03-06;13.31
2014-03-07;17.41
2014-03-10;18.54
2014-03-11;16.53
2014-03-12;14.81
2014-03-13;13.28
2014-03-14;12.71
2014-03-17;12.36
2014-03-18;11.87
2014-03-19;11.46
2014-03-20;9.0
2014-03-21;9.0
2014-03-24;9.0
2014-03-25;9.0
2014-03-26;9.0
2014-03-27;11.17
2014-03-28;14.3
2014-03-31;16.19
2014-04-01;16.14
2014-04-02;17.48
2014-04-03;17.28
2014-04-04;16.69
2014-04-07;18.05
2014-04-08;17.1
2014-04-09;13.25
2014-04-10;12.45
2014-04-11;9.0
2014-04-14;9.0
2014-04-15;10.14
2014-04-16;10.97
2014-04-17;11.18
2014-04-18;10.93
2014-04-21;11.79
2014-04-22;13.37
2014-04-23;12.45
2014-04-24;9.68
2014-04-25;10.7
2014-04-28;9.0
2014-04-29;9.0
2014-04-30;11.46
2014-05-01;12.31
2014-05-02;15.95
2014-05-05;18.47
2014-05-06;18.32
2014-05-07;20.38
2014-05-08;17.43
2014-05-09;16.9
2014-05-12;16.91
2014-05-13;16.06
2014-05-14;18.06
2014-05-15;18.73
2014-05-16;19.29
2014-05-19;22.95
2014-05-20;22.59
2014-05-21;24.94
2014-05-22;27.25
2014-05-23;28.35
2014-05-26;31.43
2014-05-27;31.0
2014-05-28;31.06
2014-05-29;28.73
2014-05-30;27.09
2014-06-02;27.2
2014-06-03;25.86
2014-06-04;26.49
2014-06-05;26.04
2014-06-06;28.3
2014-06-09;27.57
2014-06-10;29.46
2014-06-11;25.18
2014-06-12;22.91
2014-06-13;23.25
2014-06-16;21.82
2014-06-17;21.48
2014-06-18;20.94
2014-06-19;20.38
2014-06-20;16.57
2014-06-23;16.91
2014-06-24;21.04
2014-06-25;20.96
2014-06-26;20.86
2014-06-27;25.07
2014-06-30;30.97
2014-07-01;28.02
2014-07-02;32.12
2014-07-03;31.07
2014-07-04;27.52
2014-07-07;28.95
2014-07-08;25.22
2014-07-09;24.31
2014-07-10;23.15
2014-07-11;22.99
2014-07-14;19.48
2014-07-15;15.67
2014-07-16;17.65
2014-07-17;20.54
2014-07-18;23.48
2014-07-21;19.23
2014-07-22;17.5
2014-07-23;23.22
2014-07-24;20.77
2014-07-25;16.6
2014-07-28;15.38
2014-07-29;10.4
2014-07-30;9.0
2014-07-31;9.0
2014-08-01;9.0
2014-08-04;9.0
2014-08-05;12.49
2014-08-06;11.67
2014-08-07;11.05
2014-08-08;10.31
2014-08-11;10.55
2014-08-12;15.41
2014-08-13;16.87
2014-08-14;16.98
2014-08-15;14.29
2014-08-18;12.39
2014-08-19;11.69
2014-08-20;10.87
2014-08-21;12.46
2014-08-22;9.0
2014-08-25;11.52
2014-08-26;11.17
2014-08-27;9.0
2014-08-28;9.55
2014-08-29;9.28
2014-09-01;9.0
2014-09-02;15.68
2014-09-03;14.58
2014-09-04;17.21
2014-09-05;21.56
2014-09-08;21.53
2014-09-09;23.56
2014-09-10;24.91
2014-09-11;27.01
2014-09-12;26.19
2014-09-15;27.61
2014-09-16;28.08
2014-09-17;25.69
2014-09-18;27.16
2014-09-19;25.11
2014-09-22;28.72
2014-09-23;26.18
2014-09-24;24.45
2014-09-25;18.71
2014-09-26;16.55
2014-09-29;20.92
2014-09-30;24.71
2014-10-01;24.52
2014-10-02;22.58
2014-10-03;23.01
2014-10-06;20.73
2014-10-07;19.64
2014-10-08;20.99
2014-10-09;19.92
2014-10-10;19.88
2014-10-13;21.29
2014-10-14;22.69
2014-10-15;21.21
2014-10-16;19.35
2014-10-17;20.84
2014-10-20;20.48
2014-10-21;22.26
2014-10-22;20.31
2014-10-23;19.2
2014-10-24;21.23
2014-10-27;19.9
2014-10-28;11.51
2014-10-29;13.7
2014-10-30;14.75
2014-10-31;13.75
2014-11-03;18.32
2014-11-04;15.68
2014-11-05;15.92
2014-11-06;15.76
2014-11-07;11.71
2014-11-10;11.38
2014-11-11;14.66
2014-11-12;14.28
2014-11-13;13.74
2014-11-14;17.26
2014-11-17;14.16
2014-11-18;16.95
2014-11-19;12.41
2014-11-20;15.29
2014-11-21;12.17
2014-11-24;10.47
2014-11-25;9.0
2014-11-26;11.25
2014-11-27;11.71
2014-11-28;14.02
2014-12-01;14.68
2014-12-02;13.85
2014-12-03;15.6
2014-12-04;16.37
2014-12-05;16.84
2014-12-08;15.77
2014-12-09;15.88
2014-12-10;15.34
2014-12-11;14.59
2014-12-12;15.11
2014-12-15;21.26
2014-12-16;19.38
2014-12-17;23.66
2014-12-18;25.09
2014-12-19;24.22
2014-12-22;21.17
2014-12-23;17.37
2014-12-24;16.22
2014-12-25;16.23
2014-12-26;19.18
2014-12-29;21.55
2014-12-30;20.73
2014-12-31;19.42
2015-01-01;18.73
2015-01-02;18.76
2015-01-05;16.92
2015-01-06;17.4
2015-01-07;17.63
2015-01-08;17.92
2015-01-09;21.64
2015-01-12;24.89
2015-01-13;25.71
2015-01-14;26.22
2015-01-15;31.49
2015-01-16;24.08
2015-01-19;26.3
2015-01-20;32.37
2015-01-21;30.9
2015-01-22;31.12
2015-01-23;30.4
2015-01-26;30.49
2015-01-27;32.56
2015-01-28;35.91
2015-01-29;34.48
2015-01-30;35.89
2015-02-02;37.58
2015-02-03;35.92
2015-02-04;35.98
2015-02-05;36.3
2015-02-06;31.38
2015-02-09;56.3
2015-02-10;51.28
2015-02-11;46.81
2015-02-12;48.07
2015-02-13;47.45
2015-02-16;45.38
2015-02-17;44.02
2015-02-18;46.63
2015-02-19;46.77
2015-02-20;45.99
2015-02-23;42.32
2015-02-24;45.19
2015-02-25;38.71
2015-02-26;34.32
2015-02-27;36.53
2015-03-02;37.68
2015-03-03;41.92
2015-03-04;42.19
2015-03-05;40.67
2015-03-06;37.66
2015-03-09;35.12
2015-03-10;34.69
2015-03-11;29.21
2015-03-12;28.86
2015-03-13;30.55
2015-03-16;26.35
2015-03-17;28.99
2015-03-18;35.29
2015-03-19;34.34
2015-03-20;33.05
2015-03-23;32.05
2015-03-24;31.68
2015-03-25;30.33
2015-03-26;24.95
2015-03-27;24.3
2015-03-30;21.61
2015-03-31;21.92
2015-04-01;25.08
2015-04-02;22.43
2015-04-03;26.67
2015-04-06;25.4
2015-04-07;23.0
2015-04-08;24.54
2015-04-09;23.1
2015-04-10;22.8
2015-04-13;22.7
2015-04-14;24.1
2015-04-15;23.68
2015-04-16;23.01
2015-04-17;21.86
2015-04-20;23.03
2015-04-21;21.54
2015-04-22;24.82
2015-04-23;24.64
2015-04-24;20.18
2015-04-27;20.92
2015-04-28;22.04
2015-04-29;25.33
2015-04-30;23.19
2015-05-01;20.81
2015-05-04;22.4
2015-05-05;25.17
2015-05-06;22.95
2015-05-07;23.46
2015-05-08;23.12
2015-05-11;21.08
2015-05-12;20.71
2015-05-13;23.37
2015-05-14;23.27
2015-05-15;22.66
2015-05-18;24.01
2015-05-19;26.75
2015-05-20;23.98
2015-05-21;24.54
2015-05-22;23.39
2015-05-25;23.3
2015-05-26;24.83
2015-05-27;23.86
2015-05-28;18.58
2015-05-29;18.42
2015-06-01;20.95
2015-06-02;22.0
2015-06-03;21.62
2015-06-04;21.86
2015-06-05;21.9
2015-06-08;17.43
2015-06-09;17.92
2015-06-10;14.82
2015-06-11;17.94
2015-06-12;14.79
2015-06-15;14.01
2015-06-16;12.81
2015-06-17;17.03
2015-06-18;19.92
2015-06-19;14.21
2015-06-22;14.45
2015-06-23;11.9
2015-06-24;12.68
2015-06-25;14.68
2015-06-26;15.53
2015-06-29;17.55
2015-06-30;17.0
2015-07-01;17.82
2015-07-02;19.62
2015-07-03;18.51
2015-07-06;16.42
2015-07-07;14.97
2015-07-08;14.9
2015-07-09;15.17
2015-07-10;16.23
2015-07-13;14.55
2015-07-14;16.59
2015-07-15;21.29
2015-07-16;19.74
2015-07-17;25.86
2015-07-20;30.5
2015-07-21;29.98
2015-07-22;29.09
2015-07-23;26.97
2015-07-24;28.78
2015-07-27;28.51
2015-07-28;28.52
2015-07-29;25.98
2015-07-30;27.92
2015-07-31;26.93
2015-08-03;23.92
2015-08-04;23.54
2015-08-05;21.4
2015-08-06;24.72
2015-08-07;29.38
2015-08-10;28.79
2015-08-11;31.01
2015-08-12;33.05
2015-08-13;24.99
2015-08-14;23.11
2015-08-17;23.24
2015-08-18;22.0
2015-08-19;20.09
2015-08-20;22.86
2015-08-21;21.55
2015-08-24;22.3
2015-08-25;24.71
2015-08-26;28.04
2015-08-27;24.99
2015-08-28;22.28
2015-08-31;22.7
2015-09-01;17.68
2015-09-02;15.45
2015-09-03;18.76
2015-09-04;20.38
2015-09-07;20.05
2015-09-08;21.21
2015-09-09;22.89
2015-09-10;19.28
2015-09-11;18.11
2015-09-14;24.1
2015-09-15;27.36
2015-09-16;27.57
2015-09-17;27.92
2015-09-18;27.41
2015-09-21;22.67
2015-09-22;21.01
2015-09-23;21.97
2015-09-24;20.71
2015-09-25;18.11
2015-09-28;15.93
2015-09-29;19.65
2015-09-30;18.39
2015-10-01;21.39
2015-10-02;22.06
2015-10-05;21.36
2015-10-06;19.36
2015-10-07;21.03
2015-10-08;23.55
2015-10-09;25.26
2015-10-12;21.75
2015-10-13;20.38
2015-10-14;19.35
2015-10-15;14.59
2015-10-16;15.99
2015-10-19;17.69
2015-10-20;19.21
2015-10-21;20.22
2015-10-22;19.4
2015-10-23;17.42
2015-10-26;16.73
2015-10-27;17.65
2015-10-28;20.95
2015-10-29;21.08
2015-10-30;21.11
2015-11-02;16.44
2015-11-03;17.54
2015-11-04;21.06
2015-11-05;20.7
2015-11-06;20.18
2015-11-09;19.21
2015-11-10;20.97
2015-11-11;16.21
2015-11-12;19.33
2015-11-13;18.77
2015-11-16;19.8
2015-11-17;21.74
2015-11-18;29.58
2015-11-19;26.84
2015-11-20;18.89
2015-11-23;20.21
2015-11-24;15.76
2015-11-25;12.38
2015-11-26;11.5
2015-11-27;9.0
2015-11-30;9.6
2015-12-01;9.89
2015-12-02;9.0
2015-12-03;10.03
2015-12-04;9.0
2015-12-07;15.05
2015-12-08;18.53
2015-12-09;16.76
2015-12-10;19.25
2015-12-11;20.27
2015-12-14;21.25
2015-12-15;18.6
2015-12-16;16.01
2015-12-17;14.13
2015-12-18;15.74
2015-12-21;14.76
2015-12-22;9.19
2015-12-23;9.0
2015-12-24;12.48
2015-12-25;10.31
2015-12-28;11.67
2015-12-29;10.34
2015-12-30;9.0
2015-12-31;12.75
2016-01-01;10.31
2016-01-04;14.18
2016-01-05;14.31
2016-01-06;14.63
2016-01-07;17.11
2016-01-08;18.99
2016-01-11;19.89
2016-01-12;18.97
2016-01-13;20.55
2016-01-14;22.57
2016-01-15;18.63
2016-01-18;18.73
2016-01-19;13.08
2016-01-20;14.63
2016-01-21;12.19
2016-01-22;13.95
2016-01-25;14.0
2016-01-26;15.27
2016-01-27;19.62
2016-01-28;17.44
2016-01-29;17.35
2016-02-01;17.85
2016-02-02;14.89
2016-02-03;17.43
2016-02-04;21.23
2016-02-05;21.74
2016-02-08;26.09
2016-02-09;27.29
2016-02-10;27.28
2016-02-11;29.34
2016-02-12;28.6
2016-02-15;27.68
2016-02-16;28.74
2016-02-17;33.35
2016-02-18;30.42
2016-02-19;26.75
2016-02-22;27.32
2016-02-23;21.8
2016-02-24;20.73
2016-02-25;20.59
2016-02-26;19.24
2016-02-29;22.73
2016-03-01;25.86
2016-03-02;30.36
2016-03-03;29.94
2016-03-04;29.94
2016-03-07;28.25
2016-03-08;30.69
2016-03-09;26.32
2016-03-10;25.08
2016-03-11;27.78
2016-03-14;27.02
2016-03-15;25.33
2016-03-16;23.23
2016-03-17;20.8
2016-03-18;19.45
2016-03-21;20.68
2016-03-22;20.75
2016-03-23;24.36
2016-03-24;20.39
2016-03-25;18.73
2016-03-28;15.73
2016-03-29;14.08
2016-03-30;12.82
2016-03-31;14.42
2016-04-01;16.28
2016-04-04;17.85
2016-04-05;20.16
2016-04-06;22.77
2016-04-07;23.66
2016-04-08;25.47
2016-04-11;24.55
2016-04-12;20.95
2016-04-13;19.2
2016-04-14;22.79
2016-04-15;19.92
2016-04-18;18.99
2016-04-19;15.9
2016-04-20;18.48
2016-04-21;18.42
2016-04-22;17.62
2016-04-25;12.64
2016-04-26;13.01
2016-04-27;16.08
2016-04-28;17.93
2016-04-29;16.4
2016-05-02;14.29
2016-05-03;14.82
2016-05-04;11.21
2016-05-05;12.95
2016-05-06;10.42
2016-05-09;9.0
2016-05-10;9.0
2016-05-11;11.3
2016-05-12;9.29
2016-05-13;9.0
2016-05-16;13.39
2016-05-17;15.2
2016-05-18;15.69
2016-05-19;16.13
2016-05-20;11.13
2016-05-23;12.09
2016-05-24;15.71
2016-05-25;13.71
2016-05-26;10.22
2016-05-27;9.0
2016-05-30;9.0
2016-05-31;9.0
2016-06-01;10.26
2016-06-02;12.15
2016-06-03;14.09
2016-06-06;12.93
2016-06-07;37.32
2016-06-08;38.3
2016-06-09;32.33
2016-06-10;29.59
2016-06-13;27.23
2016-06-14;25.09
2016-06-15;22.62
2016-06-16;21.93
2016-06-17;25.66
2016-06-20;24.1
2016-06-21;25.23
2016-06-22;25.97
2016-06-23;24.15
2016-06-24;25.47
2016-06-27;28.81
2016-06-28;41.74
2016-06-29;37.11
2016-06-30;33.4
2016-07-01;34.92
2016-07-04;33.66
2016-07-05;34.32
2016-07-06;31.76
2016-07-07;32.9
2016-07-08;34.12
2016-07-11;33.72
2016-07-12;34.45
2016-07-13;30.63
2016-07-14;31.45
2016-07-15;29.2
2016-07-18;32.12
2016-07-19;30.58
2016-07-20;26.16
2016-07-21;29.14
2016-07-22;28.83
2016-07-25;30.14
2016-07-26;29.64
2016-07-27;25.43
2016-07-28;24.27
2016-07-29;24.06
2016-08-01;25.72
2016-08-02;25.73
2016-08-03;24.55
2016-08-04;23.6
2016-08-05;25.09
2016-08-08;26.88
2016-08-09;24.01
2016-08-10;24.0
2016-08-11;25.77
2016-08-12;29.54
2016-08-15;32.28
2016-08-16;28.14
2016-08-17;27.64
2016-08-18;23.68
2016-08-19;27.32
2016-08-22;27.45
2016-08-23;29.1
2016-08-24;26.34
2016-08-25;24.41
2016-08-26;25.03
2016-08-29;27.78
2016-08-30;22.97
2016-08-31;25.48
2016-09-01;25.73
2016-09-02;20.65
2016-09-05;22.31
2016-09-06;24.05
2016-09-07;23.92
2016-09-08;22.32
2016-09-09;20.09
2016-09-12;21.19
2016-09-13;17.8
2016-09-14;21.44
2016-09-15;19.28
2016-09-16;14.36
2016-09-19;17.03
2016-09-20;18.96
2016-09-21;19.78
2016-09-22;22.39
2016-09-23;19.78
2016-09-26;22.21
2016-09-27;24.4
2016-09-28;26.49
2016-09-29;27.41
2016-09-30;24.48
2016-10-03;23.31
2016-10-04;40.05
2016-10-05;38.17
2016-10-06;38.84
2016-10-07;37.2
2016-10-10;38.07
2016-10-11;36.95
2016-10-12;35.92
2016-10-13;33.98
2016-10-14;37.23
2016-10-17;40.01
2016-10-18;37.36
2016-10-19;35.65
2016-10-20;35.74
2016-10-21;36.28
2016-10-24;32.94
2016-10-25;30.13
2016-10-26;22.48
2016-10-27;23.69
2016-10-28;19.94
2016-10-31;18.31
2016-11-01;20.52
2016-11-02;22.49
2016-11-03;26.16
2016-11-04;30.59
2016-11-07;37.09
2016-11-08;35.33
2016-11-09;33.08
2016-11-10;33.4
2016-11-11;29.4
2016-11-14;28.31
2016-11-15;28.22
2016-11-16;28.98
2016-11-17;29.96
2016-11-18;28.77
2016-11-21;25.32
2016-11-22;22.5
2016-11-23;17.51
2016-11-24;16.24
2016-11-25;13.05
2016-11-28;12.16
2016-11-29;13.5
2016-11-30;10.86
2016-12-01;11.51
2016-12-02;11.21
2016-12-05;12.46
2016-12-06;14.23
2016-12-07;29.65
2016-12-08;29.15
2016-12-09;26.79
2016-12-12;25.04
2016-12-13;25.51
2016-12-14;61.75
2016-12-15;56.5
2016-12-16;57.87
2016-12-19;53.69
2016-12-20;52.33
2016-12-21;51.48
2016-12-22;46.17
2016-12-23;44.4
2016-12-26;46.55
2016-12-27;39.65
2016-12-28;44.69
2016-12-29;38.5
2016-12-30;38.27
2017-01-02;33.72
2017-01-03;34.12
2017-01-04;36.2
2017-01-05;37.38
2017-01-06;32.94
2017-01-09;34.72
2017-01-10;33.28
2017-01-11;29.11
2017-01-12;32.01
2017-01-13;36.64
2017-01-16;36.01
2017-01-17;34.23
2017-01-18;31.55
2017-01-19;32.78
2017-01-20;34.69
2017-01-23;32.98
2017-01-24;36.3
2017-01-25;37.07
2017-01-26;36.39
2017-01-27;36.35
2017-01-30;33.04
2017-01-31;34.17
2017-02-01;31.11
2017-02-02;29.27
2017-02-03;28.6
2017-02-06;32.87
2017-02-07;32.8
2017-02-08;30.03
2017-02-09;30.32
2017-02-10;31.23
2017-02-13;33.66
2017-02-14;32.89
2017-02-15;30.46
2017-02-16;35.43
2017-02-17;35.45
2017-02-20;32.57
2017-02-21;31.83
2017-02-22;29.96
2017-02-23;32.63
2017-02-24;33.4
2017-02-27;31.92
2017-02-28;33.88
2017-03-01;32.87
2017-03-02;32.07
2017-03-03;29.61
2017-03-06;27.25
2017-03-07;32.16
2017-03-08;33.98
2017-03-09;28.72
2017-03-10;25.88
2017-03-13;22.71
2017-03-14;22.7
2017-03-15;21.5
2017-03-16;25.16
2017-03-17;24.06
2017-03-20;28.79
2017-03-21;28.12
2017-03-22;33.32
2017-03-23;32.13
2017-03-24;31.04
2017-03-27;32.84
2017-03-28;34.15
2017-03-29;30.18
2017-03-30;29.86
2017-03-31;28.28
2017-04-03;26.62
2017-04-04;26.46
2017-04-05;25.39
2017-04-06;25.56
2017-04-07;22.77
2017-04-10;18.85
2017-04-11;21.37
2017-04-12;24.19
2017-04-13;26.27
2017-04-14;26.02
2017-04-17;24.79
2017-04-18;22.98
2017-04-19;20.82
2017-04-20;20.54
2017-04-21;23.33
2017-04-24;21.4
2017-04-25;24.15
2017-04-26;20.27
2017-04-27;20.82
2017-04-28;21.85
2017-05-01;20.43
2017-05-02;17.76
2017-05-03;19.96
2017-05-04;20.04
2017-05-05;26.61
2017-05-08;29.14
2017-05-09;31.56
2017-05-10;24.97
2017-05-11;23.0
2017-05-12;19.93
2017-05-15;14.95
2017-05-16;15.09
2017-05-17;17.35
2017-05-18;15.05
2017-05-19;10.44
2017-05-22;9.0
2017-05-23;9.13
2017-05-24;9.06
2017-05-25;9.61
2017-05-26;11.15
2017-05-29;11.54
2017-05-30;14.13
2017-05-31;12.03
2017-06-01;11.72
2017-06-02;13.58
2017-06-05;14.57
2017-06-06;19.4
2017-06-07;17.14
2017-06-08;18.76
2017-06-09;17.23
2017-06-12;15.5
2017-06-13;18.42
2017-06-14;18.41
2017-06-15;19.12
2017-06-16;17.74
2017-06-19;16.57
2017-06-20;12.92
2017-06-21;13.7
2017-06-22;11.4
2017-06-23;11.45
2017-06-26;14.05
2017-06-27;9.9
2017-06-28;17.86
2017-06-29;16.06
2017-06-30;15.95
2017-07-03;16.78
2017-07-04;14.96
2017-07-05;14.01
2017-07-06;17.09
2017-07-07;19.1
2017-07-10;18.49
2017-07-11;18.53
2017-07-12;18.93
2017-07-13;20.35
2017-07-14;21.89
2017-07-17;23.28
2017-07-18;22.07
2017-07-19;22.21
2017-07-20;24.57
2017-07-21;29.83
2017-07-24;29.51
2017-07-25;27.66
2017-07-26;25.25
2017-07-27;26.49
2017-07-28;22.25
2017-07-31;23.67
2017-08-01;25.06
2017-08-02;23.52
2017-08-03;23.92
2017-08-04;23.14
2017-08-07;19.63
2017-08-08;20.98
2017-08-09;22.03
2017-08-10;20.83
2017-08-11;26.22
2017-08-14;25.9
2017-08-15;20.96
2017-08-16;23.53
2017-08-17;25.3
2017-08-18;27.29
2017-08-21;24.44
2017-08-22;24.72
2017-08-23;24.44
2017-08-24;23.75
2017-08-25;26.89
2017-08-28;26.57
2017-08-29;25.22
2017-08-30;23.91
2017-08-31;21.05
2017-09-01;21.26
2017-09-04;24.74
2017-09-05;23.67
2017-09-06;24.13
2017-09-07;23.43
2017-09-08;23.01
2017-09-11;24.93
2017-09-12;21.99
2017-09-13;18.17
2017-09-14;36.77
2017-09-15;36.68
2017-09-18;33.31
2017-09-19;28.5
2017-09-20;29.89
2017-09-21;31.94
2017-09-22;29.74
2017-09-25;33.83
2017-09-26;33.39
2017-09-27;27.92
2017-09-28;29.04
2017-09-29;34.53
2017-10-02;33.48
2017-10-03;33.55
2017-10-04;37.46
2017-10-05;31.71
2017-10-06;27.33
2017-10-09;27.26
2017-10-10;25.39
2017-10-11;25.42
2017-10-12;22.99
2017-10-13;26.43
2017-10-16;27.8
2017-10-17;28.76
2017-10-18;28.02
2017-10-19;27.03
2017-10-20;23.69
2017-10-23;27.27
2017-10-24;28.15
2017-10-25;26.64
2017-10-26;28.31
2017-10-27;29.84
2017-10-30;30.47
2017-10-31;34.33
2017-11-01;36.65
2017-11-02;37.6
2017-11-03;36.04
2017-11-06;34.37
2017-11-07;36.66
2017-11-08;39.31
2017-11-09;44.65
2017-11-10;43.58
2017-11-13;42.62
2017-11-14;38.29
2017-11-15;41.74
2017-11-16;41.72
2017-11-17;45.19
2017-11-20;40.43
2017-11-21;39.09
2017-11-22;37.64
2017-11-23;38.74
2017-11-24;38.71
2017-11-27;39.14
2017-11-28;36.69
2017-11-29;36.86
2017-11-30;37.95
2017-12-01;37.07
2017-12-04;35.04
2017-12-05;31.6
2017-12-06;33.47
2017-12-07;33.9
2017-12-08;39.82
2017-12-11;41.78
2017-12-12;37.12
2017-12-13;32.81
2017-12-14;34.17
2017-12-15;35.5
2017-12-18;34.55
2017-12-19;36.22
2017-12-20;36.49
2017-12-21;36.1
2017-12-22;30.36
2017-12-25;32.7
2017-12-26;26.28
2017-12-27;30.09
2017-12-28;34.86
2017-12-29;46.91
2018-01-01;44.09
2018-01-02;43.6
2018-01-03;41.02
2018-01-04;38.67
2018-01-05;38.43
2018-01-08;39.84
2018-01-09;40.36
2018-01-10;39.24
2018-01-11;33.8
2018-01-12;31.75
2018-01-15;29.55
2018-01-16;30.9
2018-01-17;30.72
2018-01-18;30.65
2018-01-19;28.1
2018-01-22;31.17
2018-01-23;31.06
2018-01-24;28.35
2018-01-25;25.94
2018-01-26;26.45
2018-01-29;23.89
2018-01-30;22.11
2018-01-31;19.22
2018-02-01;21.07
2018-02-02;18.83
2018-02-05;22.84
2018-02-06;23.82
2018-02-07;20.84
2018-02-08;22.28
2018-02-09;25.64
2018-02-12;25.15
2018-02-13;28.71
2018-02-14;29.44
2018-02-15;27.5
2018-02-16;32.64
2018-02-19;28.61
2018-02-20;27.35
2018-02-21;26.88
2018-02-22;31.47
2018-02-23;32.76
2018-02-26;33.53
2018-02-27;31.02
2018-02-28;30.16
2018-03-01;28.24
2018-03-02;29.14
2018-03-05;31.68
2018-03-06;37.34
2018-03-07;35.31
2018-03-08;31.09
2018-03-09;47.27
2018-03-12;47.83
2018-03-13;48.06
2018-03-14;48.77
2018-03-15;47.32
2018-03-16;48.8
2018-03-19;45.77
2018-03-20;44.07
2018-03-21;42.39
2018-03-22;44.31
2018-03-23;41.31
2018-03-26;39.58
2018-03-27;37.31
2018-03-28;40.71
2018-03-29;42.5
2018-03-30;42.64
2018-04-02;43.59
2018-04-03;40.0
2018-04-04;40.58
2018-04-05;40.5
2018-04-06;37.61
2018-04-09;32.82
2018-04-10;32.51
2018-04-11;31.97
2018-04-12;27.12
2018-04-13;27.5
2018-04-16;29.08
2018-04-17;31.34
2018-04-18;30.53
2018-04-19;30.65
2018-04-20;32.8
2018-04-23;32.14
2018-04-24;29.83
2018-04-25;27.64
2018-04-26;29.47
2018-04-27;29.59
2018-04-30;28.36
2018-05-01;26.03
2018-05-02;24.93
2018-05-03;25.07
2018-05-04;28.87
2018-05-07;31.55
2018-05-08;35.46
2018-05-09;33.48
2018-05-10;28.17
2018-05-11;27.29
2018-05-14;28.46
2018-05-15;28.86
2018-05-16;34.66
2018-05-17;36.02
2018-05-18;33.76
2018-05-21;36.23
2018-05-22;31.45
2018-05-23;29.83
2018-05-24;28.54
2018-05-25;31.47
2018-05-28;31.9
2018-05-29;29.43
2018-05-30;22.7
2018-05-31;19.71
2018-06-01;21.14
2018-06-04;27.21
2018-06-05;26.56
2018-06-06;21.99
2018-06-07;24.15
2018-06-08;25.28
2018-06-11;23.83
2018-06-12;20.53
2018-06-13;19.13
2018-06-14;19.27
2018-06-15;18.8
2018-06-18;15.99
2018-06-19;12.98
2018-06-20;11.51
2018-06-21;13.67
2018-06-22;13.26
2018-06-25;16.2
2018-06-26;15.26
2018-06-27;17.58
2018-06-28;19.66
2018-06-29;18.91
2018-07-02;23.54
2018-07-03;25.59
2018-07-04;28.27
2018-07-05;29.93
2018-07-06;28.66
2018-07-09;32.42
2018-07-10;34.19
2018-07-11;34.05
2018-07-12;36.19
2018-07-13;38.54
2018-07-16;40.31
2018-07-17;39.13
2018-07-18;35.5
2018-07-19;36.87
2018-07-20;36.66
2018-07-23;33.18
2018-07-24;32.87
2018-07-25;33.38
2018-07-26;33.18
2018-07-27;26.93
2018-07-30;27.93
2018-07-31;26.61
2018-08-01;25.85
2018-08-02;27.22
2018-08-03;19.53
2018-08-06;16.67
2018-08-07;19.99
2018-08-08;19.67
2018-08-09;21.78
2018-08-10;23.29
2018-08-13;23.71
2018-08-14;23.15
2018-08-15;24.15
2018-08-16;24.46
2018-08-17;20.69
2018-08-20;16.37
2018-08-21;17.45
2018-08-22;15.35
2018-08-23;18.28
2018-08-24;14.14
2018-08-27;16.81
2018-08-28;19.0
2018-08-29;19.32
2018-08-30;14.08
2018-08-31;13.77
2018-09-03;15.87
2018-09-04;9.99
2018-09-05;12.52
2018-09-06;10.19
2018-09-07;9.0
2018-09-10;11.55
2018-09-11;11.41
2018-09-12;12.87
2018-09-13;13.54
2018-09-14;12.94
2018-09-17;9.0
2018-09-18;10.89
2018-09-19;13.25
2018-09-20;14.4
2018-09-21;15.83
2018-09-24;16.42
2018-09-25;16.01
2018-09-26;19.32
2018-09-27;22.77
2018-09-28;27.25
2018-10-01;22.42
2018-10-02;26.35
2018-10-03;26.47
2018-10-04;24.79
2018-10-05;21.49
2018-10-08;23.33
2018-10-09;24.43
2018-10-10;25.22
2018-10-11;26.25
2018-10-12;27.56
2018-10-15;31.79
2018-10-16;31.93
2018-10-17;32.89
2018-10-18;31.31
2018-10-19;35.79
2018-10-22;30.99
2018-10-23;33.71
2018-10-24;33.88
2018-10-25;32.78
2018-10-26;29.2
2018-10-29;30.74
2018-10-30;28.31
2018-10-31;30.74
2018-11-01;30.0
2018-11-02;25.8
2018-11-05;25.97
2018-11-06;25.88
2018-11-07;30.9
2018-11-08;33.24
2018-11-09;36.96
2018-11-12;38.24
2018-11-13;34.23
2018-11-14;35.87
2018-11-15;34.05
2018-11-16;32.13
2018-11-19;33.33
2018-11-20;31.36
2018-11-21;34.54
2018-11-22;29.88
2018-11-23;29.47
2018-11-26;29.14
2018-11-27;26.13
2018-11-28;24.98
2018-11-29;23.65
2018-11-30;19.55
2018-12-03;17.75
2018-12-04;17.59
2018-12-05;17.27
2018-12-06;19.37
2018-12-07;22.86
2018-12-10;21.98
2018-12-11;18.97
2018-12-12;20.17
2018-12-13;19.88
2018-12-14;22.49
2018-12-17;22.15
2018-12-18;22.23
2018-12-19;21.74
2018-12-20;25.48
2018-12-21;25.62
2018-12-24;28.19
2018-12-25;27.03
2018-12-26;28.35
2018-12-27;29.97
2018-12-28;28.81
2018-12-31;30.54
2019-01-01;26.12
2019-01-02;26.57
2019-01-03;27.97
2019-01-04;25.84
2019-01-07;24.37
2019-01-08;21.46
2019-01-09;18.91
2019-01-10;16.96
2019-01-11;19.27
2019-01-14;17.44
2019-01-15;12.66
2019-01-16;14.4
2019-01-17;9.94
2019-01-18;10.36
2019-01-21;10.13
2019-01-22;9.76
2019-01-23;9.0
2019-01-24;10.62
2019-01-25;9.19
2019-01-28;9.0
2019-01-29;11.51
2019-01-30;13.14
2019-01-31;16.84
2019-02-01;17.31
2019-02-04;18.84
2019-02-05;17.45
2019-02-06;12.91
2019-02-07;11.37
2019-02-08;13.06
2019-02-11;14.09
2019-02-12;13.72
2019-02-13;13.02
2019-02-14;10.53
2019-02-15;10.3
2019-02-18;10.0
2019-02-19;13.71
2019-02-20;15.06
2019-02-21;15.62
2019-02-22;16.39
2019-02-25;20.35
2019-02-26;19.26
2019-02-27;17.86
2019-02-28;21.96
2019-03-01;23.68
2019-03-04;21.87
2019-03-05;25.84
2019-03-06;24.69
2019-03-07;23.6
2019-03-08;20.03
2019-03-11;17.2
2019-03-12;19.75
2019-03-13;19.41
2019-03-14;19.35
2019-03-15;22.59
2019-03-18;23.7
2019-03-19;20.7
2019-03-20;23.6
2019-03-21;25.94
2019-03-22;25.3
2019-03-25;21.82
2019-03-26;22.64
2019-03-27;20.12
2019-03-28;19.46
2019-03-29;19.0
2019-04-01;16.85
2019-04-02;20.34
2019-04-03;18.68
2019-04-04;21.9
2019-04-05;22.07
2019-04-08;18.47
2019-04-09;18.25
2019-04-10;21.63
2019-04-11;21.15
2019-04-12;19.34
2019-04-15;21.77
2019-04-16;19.67
2019-04-17;12.61
2019-04-18;12.25
2019-04-19;12.48
2019-04-22;12.16
2019-04-23;12.7
2019-04-24;12.61
2019-04-25;10.72
2019-04-26;10.25
2019-04-29;12.0
2019-04-30;15.5
2019-05-01;12.73
2019-05-02;10.49
2019-05-03;12.61
2019-05-06;17.33
2019-05-07;15.99
2019-05-08;13.85
2019-05-09;16.96
2019-05-10;19.8
2019-05-13;14.56
2019-05-14;10.57
2019-05-15;9.0
2019-05-16;11.3
2019-05-17;11.64
2019-05-20;12.62
2019-05-21;16.6
2019-05-22;12.94
2019-05-23;11.59
2019-05-24;12.84
2019-05-27;15.03
2019-05-28;14.11
2019-05-29;11.96
2019-05-30;15.01
2019-05-31;15.97
2019-06-03;12.6
2019-06-04;16.59
2019-06-05;17.83
2019-06-06;20.0
2019-06-07;20.27
2019-06-10;18.41
2019-06-11;18.96
2019-06-12;22.02
2019-06-13;21.2
2019-06-14;18.71
2019-06-17;25.19
2019-06-18;25.34
2019-06-19;25.52
2019-06-20;24.65
2019-06-21;25.21
2019-06-24;18.13
2019-06-25;20.28
2019-06-26;21.74
2019-06-27;24.37
2019-06-28;24.61
2019-07-01;23.67
2019-07-02;26.26
2019-07-03;29.23
2019-07-04;50.4
2019-07-05;49.48
2019-07-08;47.0
2019-07-09;45.0
2019-07-10;42.53
2019-07-11;43.02
2019-07-12;42.43
2019-07-15;40.54
2019-07-16;38.33
2019-07-17;40.89
2019-07-18;42.8
2019-07-19;43.31
2019-07-22;44.79
2019-07-23;40.39
2019-07-24;36.85
2019-07-25;33.23
2019-07-26;32.66
2019-07-29;34.76
2019-07-30;33.06
2019-07-31;35.52
2019-08-01;33.39
2019-08-02;32.45
2019-08-05;30.84
2019-08-06;29.84
2019-08-07;29.16
2019-08-08;24.4
2019-08-09;25.14
2019-08-12;24.63
2019-08-13;28.4
2019-08-14;29.5
2019-08-15;29.87
2019-08-16;33.19
2019-08-19;36.04
2019-08-20;39.38
2019-08-21;37.19
2019-08-22;33.51
2019-08-23;28.54
2019-08-26;30.72
2019-08-27;25.55
2019-08-28;25.87
2019-08-29;27.77
2019-08-30;23.73
2019-09-02;21.2
2019-09-03;24.15
2019-09-04;25.25
2019-09-05;27.98
2019-09-06;28.23
2019-09-09;25.54
2019-09-10;24.21
2019-09-11;26.32
2019-09-12;22.15
2019-09-13;20.79
2019-09-16;19.16
2019-09-17;19.04
2019-09-18;20.7
2019-09-19;23.58
2019-09-20;20.1
2019-09-23;17.97
2019-09-24;15.02
2019-09-25;15.21
2019-09-26;12.66
2019-09-27;13.96
2019-09-30;11.76
2019-10-01;15.47
2019-10-02;11.48
2019-10-03;9.86
2019-10-04;14.54
2019-10-07;15.34
2019-10-08;14.35
2019-10-09;21.53
2019-10-10;20.8
2019-10-11;22.27
2019-10-14;20.21
2019-10-15;17.84
2019-10-16;19.61
2019-10-17;24.07
2019-10-18;22.76
2019-10-21;20.09
2019-10-22;22.65
2019-10-23;32.5
2019-10-24;32.84
2019-10-25;32.39
2019-10-28;29.23
2019-10-29;27.56
2019-10-30;23.8
2019-10-31;28.44
2019-11-01;28.22
2019-11-04;26.73
2019-11-05;22.47
2019-11-06;21.62
2019-11-07;20.45
2019-11-08;18.55
2019-11-11;17.64
2019-11-12;14.78
2019-11-13;17.59
2019-11-14;19.92
2019-11-15;22.95
2019-11-18;18.63
2019-11-19;23.34
2019-11-20;22.83
2019-11-21;19.32
2019-11-22;16.57
2019-11-25;16.54
2019-11-26;13.31
2019-11-27;9.97
2019-11-28;11.3
2019-11-29;10.26
2019-12-02;9.51
2019-12-03;9.0
2019-12-04;11.31
2019-12-05;9.78
2019-12-06;9.0
2019-12-09;14.35
2019-12-10;12.18
2019-12-11;9.37
2019-12-12;9.73
2019-12-13;9.0
2019-12-16;9.69
2019-12-17;12.25
2019-12-18;12.12
2019-12-19;12.82
2019-12-20;15.48
2019-12-23;16.24
2019-12-24;14.98
2019-12-25;17.62
2019-12-26;18.67
2019-12-27;22.57
2019-12-30;25.36
2019-12-31;23.63
2020-01-01;23.53
2020-01-02;22.91
2020-01-03;18.61
2020-01-06;16.15
2020-01-07;21.09
2020-01-08;18.41
2020-01-09;45.01
2020-01-10;42.52
2020-01-13;39.35
2020-01-14;35.79
2020-01-15;33.97
2020-01-16;33.64
2020-01-17;29.79
2020-01-20;26.76
2020-01-21;24.59
2020-01-22;25.25
2020-01-23;22.98
2020-01-24;27.17
2020-01-27;26.49
2020-01-28;29.92
2020-01-29;29.83
2020-01-30;31.06
2020-01-31;32.08
2020-02-03;30.26
2020-02-04;42.04
2020-02-05;39.93
2020-02-06;40.85
2020-02-07;37.11
2020-02-10;35.31
2020-02-11;31.74
2020-02-12;29.02
2020-02-13;28.11
2020-02-14;26.78
2020-02-17;25.13
2020-02-18;23.59
2020-02-19;25.87
2020-02-20;27.76
2020-02-21;28.64
2020-02-24;28.22
2020-02-25;29.33
2020-02-26;27.68
2020-02-27;29.39
2020-02-28;31.49
2020-03-02;30.56
2020-03-03;29.09
2020-03-04;29.18
2020-03-05;26.04
2020-03-06;26.67
2020-03-09;26.14
2020-03-10;27.92
2020-03-11;27.52
2020-03-12;26.75
2020-03-13;22.43
2020-03-16;23.86
2020-03-17;24.59
2020-03-18;23.92
2020-03-19;23.38
2020-03-20;22.67
2020-03-23;22.2
2020-03-24;23.92
2020-03-25;25.58
2020-03-26;24.45
2020-03-27;22.56
2020-03-30;22.88
2020-03-31;22.31
2020-04-01;20.44
2020-04-02;20.26
2020-04-03;21.27
2020-04-06;17.01
2020-04-07;22.36
2020-04-08;25.21
2020-04-09;23.04
2020-04-10;18.94
2020-04-13;19.62
2020-04-14;20.92
2020-04-15;17.75
2020-04-16;22.14
2020-04-17;21.12
2020-04-20;19.79
2020-04-21;17.87
2020-04-22;19.96
2020-04-23;22.01
2020-04-24;19.32
2020-04-27;18.9
2020-04-28;19.85
2020-04-29;23.24
2020-04-30;18.44
2020-05-01;16.54
2020-05-04;15.67
2020-05-05;10.92
2020-05-06;11.09
2020-05-07;12.77
2020-05-08;12.06
2020-05-11;12.54
2020-05-12;11.6
2020-05-13;12.36
2020-05-14;14.89
2020-05-15;11.52
2020-05-18;9.0
2020-05-19;10.45
2020-05-20;11.78
2020-05-21;14.79
2020-05-22;15.96
2020-05-25;17.57
2020-05-26;16.05
2020-05-27;18.64
2020-05-28;17.12
2020-05-29;12.93
2020-06-01;10.86
2020-06-02;13.59
2020-06-03;13.76
2020-06-04;12.02
2020-06-05;10.61
2020-06-08;14.13
2020-06-09;13.94
2020-06-10;15.06
2020-06-11;20.99
2020-06-12;19.08
2020-06-15;22.15
2020-06-16;20.25
2020-06-17;20.98
2020-06-18;23.59
2020-06-19;23.12
2020-06-22;19.68
2020-06-23;18.56
2020-06-24;14.69
2020-06-25;17.27
2020-06-26;21.58
2020-06-29;21.02
2020-06-30;19.15
2020-07-01;21.14
2020-07-02;26.4
2020-07-03;28.57
2020-07-06;28.91
2020-07-07;25.03
2020-07-08;21.26
2020-07-09;20.77
2020-07-10;20.87
2020-07-13;20.02
2020-07-14;18.62
2020-07-15;16.85
2020-07-16;16.62
2020-07-17;17.3
2020-07-20;23.46
2020-07-21;19.03
2020-07-22;21.04
2020-07-23;19.71
2020-07-24;17.65
2020-07-27;16.79
2020-07-28;17.68
2020-07-29;13.21
2020-07-30;16.03
2020-07-31;16.85
2020-08-03;16.99
2020-08-04;15.99
2020-08-05;9.0
2020-08-06;9.0
2020-08-07;9.0
2020-08-10;13.27
2020-08-11;13.38
2020-08-12;13.94
2020-08-13;12.15
2020-08-14;12.18
2020-08-17;9.0
2020-08-18;9.0
2020-08-19;11.3
2020-08-20;11.3
2020-08-21;11.16
2020-08-24;13.31
2020-08-25;15.37
2020-08-26;11.43
2020-08-27;13.97
2020-08-28;17.88
2020-08-31;16.74
2020-09-01;15.86
2020-09-02;15.76
2020-09-03;13.44
2020-09-04;16.79
2020-09-07;21.05
2020-09-08;23.41
2020-09-09;19.05
2020-09-10;17.42
2020-09-11;16.36
2020-09-14;15.94
2020-09-15;16.53
2020-09-16;16.6
2020-09-17;16.69
2020-09-18;19.3
2020-09-21;20.72
2020-09-22;20.29
2020-09-23;22.12
2020-09-24;22.56
2020-09-25;24.34
2020-09-28;27.82
2020-09-29;30.23
2020-09-30;26.84
2020-10-01;26.31
2020-10-02;27.09
2020-10-05;23.41
2020-10-06;24.17
2020-10-07;25.08
2020-10-08;21.73
2020-10-09;21.31
2020-10-12;22.1
2020-10-13;25.62
2020-10-14;25.32
2020-10-15;22.15
2020-10-16;18.81
2020-10-19;17.84
2020-10-20;18.83
2020-10-21;20.26
2020-10-22;17.49
2020-10-23;18.66
2020-10-26;13.72
2020-10-27;12.7
2020-10-28;14.05
2020-10-29;17.27
2020-10-30;13.78
2020-11-02;14.77
2020-11-03;14.26
2020-11-04;10.42
2020-11-05;9.0
2020-11-06;10.1
2020-11-09;15.11
2020-11-10;15.4
2020-11-11;22.51
2020-11-12;24.0
2020-11-13;21.89
2020-11-16;23.93
2020-11-17;20.88
2020-11-18;21.14
2020-11-19;21.43
2020-11-20;21.65
2020-11-23;18.52
2020-11-24;12.39
2020-11-25;14.7
2020-11-26;14.26
2020-11-27;15.42
2020-11-30;19.19
2020-12-01;20.13
2020-12-02;17.23
2020-12-03;16.81
2020-12-04;16.55
2020-12-07;19.84
2020-12-08;15.85
2020-12-09;17.03
2020-12-10;14.63
2020-12-11;13.53
2020-12-14;15.72
2020-12-15;16.43
2020-12-16;16.59
2020-12-17;16.19
2020-12-18;18.18
2020-12-21;17.32
2020-12-22;15.99
2020-12-23;18.45
2020-12-24;12.28
2020-12-25;10.05
2020-12-28;9.0
2020-12-29;11.98
2020-12-30;12.75
2020-12-31;10.33
2021-01-01;9.0
2021-01-04;12.06
2021-01-05;9.52
2021-01-06;9.0
2021-01-07;9.0
2021-01-08;10.79
2021-01-11;10.01
2021-01-12;9.0
2021-01-13;11.0
2021-01-14;12.85
2021-01-15;17.08
2021-01-18;17.81
2021-01-19;14.89
2021-01-20;18.87
2021-01-21;17.89
2021-01-22;20.03
2021-01-25;23.65
2021-01-26;23.64
2021-01-27;23.34
2021-01-28;23.77
2021-01-29;24.64
2021-02-01;26.86
2021-02-02;51.45
2021-02-03;49.94
2021-02-04;49.78
2021-02-05;45.53
2021-02-08;44.87
2021-02-09;40.8
2021-02-10;38.83
2021-02-11;37.32
2021-02-12;35.32
2021-02-15;33.85
2021-02-16;35.47
2021-02-17;35.6
2021-02-18;37.22
2021-02-19;33.19
2021-02-22;35.16
2021-02-23;37.91
2021-02-24;35.2
2021-02-25;36.4
2021-02-26;38.85
2021-03-01;36.53
2021-03-02;33.11
2021-03-03;32.99
2021-03-04;28.02
2021-03-05;30.21
2021-03-08;27.59
2021-03-09;26.6
2021-03-10;27.96
2021-03-11;28.91
2021-03-12;30.08
2021-03-15;27.75
2021-03-16;28.12
2021-03-17;29.83
2021-03-18;27.9
2021-03-19;31.98
2021-03-22;30.87
2021-03-23;25.85
2021-03-24;25.04
2021-03-25;28.01
2021-03-26;25.36
2021-03-29;22.67
2021-03-30;23.49
2021-03-31;20.7
2021-04-01;17.96
2021-04-02;16.08
2021-04-05;20.22
2021-04-06;21.44
2021-04-07;21.5
2021-04-08;19.58
2021-04-09;21.69
2021-04-12;23.09
2021-04-13;27.1
2021-04-14;24.46
2021-04-15;21.68
2021-04-16;17.18
2021-04-19;18.61
2021-04-20;19.26
2021-04-21;18.34
2021-04-22;13.96
2021-04-23;17.82
2021-04-26;18.39
2021-04-27;21.43
2021-04-28;24.58
2021-04-29;25.57
2021-04-30;26.88
2021-05-03;25.01
2021-05-04;25.01
2021-05-05;27.24
2021-05-06;24.9
2021-05-07;26.93
2021-05-10;28.69
2021-05-11;30.29
2021-05-12;29.85
2021-05-13;27.55
2021-05-14;31.63
2021-05-17;34.43
2021-05-18;33.84
2021-05-19;33.74
2021-05-20;32.39
2021-05-21;27.48
2021-05-24;26.88
2021-05-25;27.77
2021-05-26;26.0
2021-05-27;24.92
2021-05-28;23.86
2021-05-31;23.95
2021-06-01;23.19
2021-06-02;20.93
2021-06-03;21.16
2021-06-04;22.21
2021-06-07;22.6
2021-06-08;18.01
2021-06-09;19.68
2021-06-10;16.91
2021-06-11;18.12
2021-06-14;19.39
2021-06-15;15.79
2021-06-16;18.19
2021-06-17;22.71
2021-06-18;21.86
2021-06-21;22.83
2021-06-22;21.56
2021-06-23;18.66
2021-06-24;21.18
2021-06-25;22.24
2021-06-28;20.46
2021-06-29;17.72
2021-06-30;22.43
2021-07-01;19.01
2021-07-02;20.53
2021-07-05;20.92
2021-07-06;22.78
2021-07-07;26.38
2021-07-08;19.89
2021-07-09;17.42
2021-07-12;17.24
2021-07-13;21.35
2021-07-14;20.25
2021-07-15;18.76
2021-07-16;13.54
2021-07-19;12.15
2021-07-20;13.93
2021-07-21;13.94
2021-07-22;12.48
2021-07-23;17.49
2021-07-26;16.88
2021-07-27;17.32
2021-07-28;15.55
2021-07-29;12.94
2021-07-30;15.02
2021-08-02;11.22
2021-08-03;12.82
2021-08-04;9.0
2021-08-05;10.34
2021-08-06;9.0
2021-08-09;9.0
2021-08-10;9.0
2021-08-11;9.0
2021-08-12;9.0
2021-08-13;9.08
2021-08-16;11.48
2021-08-17;12.45
2021-08-18;15.6
2021-08-19;11.46
2021-08-20;10.88
2021-08-23;11.4
2021-08-24;9.66
2021-08-25;10.35
2021-08-26;13.45
2021-08-27;15.0
2021-08-30;18.26
2021-08-31;19.03
2021-09-01;18.8
2021-09-02;22.63
2021-09-03;22.77
2021-09-06;27.03
2021-09-07;28.93
2021-09-08;26.8
2021-09-09;25.94
2021-09-10;29.39
2021-09-13;31.69
2021-09-14;32.92
2021-09-15;33.8
2021-09-16;29.89
2021-09-17;26.66
2021-09-20;26.89
2021-09-21;31.81
2021-09-22;29.1
2021-09-23;27.96
2021-09-24;26.7
2021-09-27;27.75
2021-09-28;28.02
2021-09-29;30.17
2021-09-30;30.37
2021-10-01;30.36
2021-10-04;29.82
2021-10-05;32.29
2021-10-06;31.68
2021-10-07;29.35
2021-10-08;30.53
2021-10-11;29.7
2021-10-12;31.43
2021-10-13;23.98
2021-10-14;27.05
2021-10-15;26.17
2021-10-18;29.03
2021-10-19;30.86
2021-10-20;28.96
2021-10-21;26.44
2021-10-22;23.86
2021-10-25;20.88
2021-10-26;23.71
2021-10-27;23.04
2021-10-28;27.08
2021-10-29;25.08
2021-11-01;23.61
2021-11-02;24.69
2021-11-03;28.49
2021-11-04;26.74
2021-11-05;28.37
2021-11-08;27.95
2021-11-09;28.84
2021-11-10;26.46
2021-11-11;27.82
2021-11-12;48.35
2021-11-15;44.9
2021-11-16;43.72
2021-11-17;42.91
2021-11-18;42.65
2021-11-19;42.15
2021-11-22;37.81
2021-11-23;39.4
2021-11-24;39.4
2021-11-25;38.56
2021-11-26;38.49
2021-11-29;49.89
2021-11-30;53.21
2021-12-01;50.06
2021-12-02;46.66
2021-12-03;43.1
2021-12-06;41.48
2021-12-07;34.49
2021-12-08;37.68
2021-12-09;41.54
2021-12-10;38.0
2021-12-13;41.79
2021-12-14;38.26
2021-12-15;37.36
2021-12-16;37.43
2021-12-17;36.78
2021-12-20;34.61
2021-12-21;32.44
2021-12-22;33.82
2021-12-23;36.16
2021-12-24;31.16
2021-12-27;31.2
2021-12-28;32.12
2021-12-29;31.94
2021-12-30;28.03
2021-12-31;28.9
2022-01-03;31.09
2022-01-04;28.57
2022-01-05;26.79
2022-01-06;26.93
2022-01-07;26.39
2022-01-10;24.72
2022-01-11;21.64
2022-01-12;20.41
2022-01-13;15.36
2022-01-14;17.11
2022-01-17;15.55
2022-01-18;17.7
2022-01-19;17.25
2022-01-20;17.71
2022-01-21;13.99
2022-01-24;16.0
2022-01-25;22.61
2022-01-26;21.55
2022-01-27;21.75
2022-01-28;22.25
2022-01-31;19.01
2022-02-01;16.5
2022-02-02;17.99
2022-02-03;16.13
2022-02-04;15.74
2022-02-07;16.29
2022-02-08;17.89
2022-02-09;17.54
2022-02-10;17.27
2022-02-11;23.25
2022-02-14;25.44
2022-02-15;24.31
2022-02-16;23.73
2022-02-17;28.04
2022-02-18;29.06
2022-02-21;31.31
2022-02-22;29.82
2022-02-23;28.13
2022-02-24;31.45
2022-02-25;30.69
2022-02-28;29.93
2022-03-01;28.36
2022-03-02;30.53
2022-03-03;32.86
2022-03-04;32.68
2022-03-07;52.07
2022-03-08;49.12
2022-03-09;47.69
2022-03-10;49.56
2022-03-11;47.53
2022-03-14;46.64
2022-03-15;44.2
2022-03-16;41.82
2022-03-17;35.89
2022-03-18;34.1
2022-03-21;30.88
2022-03-22;25.55
2022-03-23;24.89
2022-03-24;26.93
2022-03-25;25.08
2022-03-28;25.62
2022-03-29;28.42
2022-03-30;27.33
2022-03-31;29.58
2022-04-01;31.44
2022-04-04;31.58
2022-04-05;27.96
2022-04-06;22.67
2022-04-07;20.75
2022-04-08;19.57
2022-04-11;18.93
2022-04-12;20.42
2022-04-13;18.51
2022-04-14;20.1
2022-04-15;24.18
2022-04-18;23.5
2022-04-19;23.78
2022-04-20;27.49
2022-04-21;28.96
2022-04-22;26.7
2022-04-25;30.68
2022-04-26;30.55
2022-04-27;28.47
2022-04-28;24.0
2022-04-29;21.94
2022-05-02;40.23
2022-05-03;36.71
2022-05-04;34.08
2022-05-05;32.7
2022-05-06;35.16
2022-05-09;34.72
2022-05-10;35.9
2022-05-11;35.27
2022-05-12;33.5
2022-05-13;28.09
2022-05-16;25.26
2022-05-17;24.97
2022-05-18;25.11
2022-05-19;27.25
2022-05-20;22.96
2022-05-23;28.08
2022-05-24;22.92
2022-05-25;22.59
2022-05-26;21.03
2022-05-27;18.59
2022-05-30;22.49
2022-05-31;21.02
2022-06-01;16.89
2022-06-02;13.98
2022-06-03;17.0
2022-06-06;14.2
2022-06-07;10.98
2022-06-08;11.87
2022-06-09;11.58
2022-06-10;13.1
2022-06-13;12.45
2022-06-14;14.58
2022-06-15;11.58
2022-06-16;9.0
2022-06-17;10.21
2022-06-20;10.01
2022-06-21;9.39
2022-06-22;11.42
2022-06-23;17.58
2022-06-24;14.07
2022-06-27;17.56
2022-06-28;19.3
2022-06-29;18.11
2022-06-30;22.26
2022-07-01;19.1
2022-07-04;20.15
2022-07-05;19.65
2022-07-06;18.44
2022-07-07;15.77
2022-07-08;57.67
2022-07-11;52.73
2022-07-12;54.64
2022-07-13;56.06
2022-07-14;50.93
2022-07-15;47.34
2022-07-18;45.75
2022-07-19;45.84
2022-07-20;43.36
2022-07-21;40.71
2022-07-22;42.47
2022-07-25;39.51
2022-07-26;37.72
2022-07-27;30.77
2022-07-28;31.36
2022-07-29;32.02
2022-08-01;32.38
2022-08-02;32.57
2022-08-03;32.41
2022-08-04;31.13
2022-08-05;32.76
2022-08-08;33.48
2022-08-09;31.26
2022-08-10;29.94
2022-08-11;26.37
2022-08-12;24.81
2022-08-15;21.77
2022-08-16;23.95
2022-08-17;29.94
2022-08-18;26.47
2022-08-19;25.63
2022-08-22;24.43
2022-08-23;19.05
2022-08-24;17.36
2022-08-25;21.95
2022-08-26;22.14
2022-08-29;21.55
2022-08-30;18.71
2022-08-31;20.66
2022-09-01;19.29
2022-09-02;17.45
2022-09-05;19.18
2022-09-06;18.72
2022-09-07;16.34
2022-09-08;18.35
2022-09-09;18.63
2022-09-12;20.55
2022-09-13;20.15
2022-09-14;26.6
2022-09-15;22.21
2022-09-16;28.14
2022-09-19;26.2
2022-09-20;21.94
2022-09-21;22.28
2022-09-22;24.94
2022-09-23;25.63
2022-09-26;20.94
2022-09-27;16.71
2022-09-28;13.11
2022-09-29;11.7
2022-09-30;9.0
2022-10-03;9.0
2022-10-04;9.0
2022-10-05;9.0
2022-10-06;10.35
2022-10-07;13.6
2022-10-10;14.31
2022-10-11;17.96
2022-10-12;18.45
2022-10-13;15.4
2022-10-14;14.6
2022-10-17;13.01
2022-10-18;13.39
2022-10-19;9.0
2022-10-20;12.64
2022-10-21;14.5
2022-10-24;14.61
2022-10-25;21.15
2022-10-26;25.52
2022-10-27;26.48
2022-10-28;26.08
2022-10-31;24.99
2022-11-01;23.76
2022-11-02;21.63
2022-11-03;19.62
2022-11-04;19.32
2022-11-07;21.91
2022-11-08;21.47
2022-11-09;17.85
2022-11-10;17.04
2022-11-11;14.6
2022-11-14;18.68
2022-11-15;13.57
2022-11-16;13.79
2022-11-17;11.29
2022-11-18;10.93
2022-11-21;11.24
2022-11-22;13.69
2022-11-23;12.79
2022-11-24;12.93
2022-11-25;9.0
2022-11-28;12.66
2022-11-29;16.13
2022-11-30;21.7
2022-12-01;19.18
2022-12-02;24.65
2022-12-05;23.48
2022-12-06;27.02
2022-12-07;28.57
2022-12-08;26.79
2022-12-09;55.18
2022-12-12;54.37
2022-12-13;52.82
2022-12-14;49.3
2022-12-15;49.83
2022-12-16;50.96
2022-12-19;49.18
2022-12-20;47.05
2022-12-21;44.43
2022-12-22;45.32
2022-12-23;43.33
2022-12-26;42.25
2022-12-27;44.17
2022-12-28;43.66
2022-12-29;42.56
2022-12-30;39.97
2023-01-02;38.92
2023-01-03;36.16
2023-01-04;35.9
2023-01-05;33.93
2023-01-06;32.36
2023-01-09;31.7
2023-01-10;35.36
2023-01-11;30.63
2023-01-12;31.0
2023-01-13;27.64
2023-01-16;26.54
2023-01-17;24.8
2023-01-18;23.05
2023-01-19;21.47
2023-01-20;20.74
2023-01-23;18.96
2023-01-24;17.27
2023-01-25;16.01
2023-01-26;14.7
2023-01-27;12.87
2023-01-30;14.68
2023-01-31;13.97
2023-02-01;13.72
2023-02-02;13.31
2023-02-03;12.04
2023-02-06;10.25
2023-02-07;12.45
2023-02-08;10.77
2023-02-09;9.28
2023-02-10;12.28
2023-02-13;11.3
2023-02-14;11.68
2023-02-15;11.25
2023-02-16;11.54
2023-02-17;15.62
2023-02-20;14.03
2023-02-21;15.79
2023-02-22;17.7
2023-02-23;19.31
2023-02-24;22.87
2023-02-27;17.83
2023-02-28;14.57
2023-03-01;12.6
2023-03-02;11.74
2023-03-03;12.73
2023-03-06;10.98
2023-03-07;9.29
2023-03-08;10.01
2023-03-09;11.67
2023-03-10;11.98
2023-03-13;13.67
2023-03-14;10.19
2023-03-15;9.0
2023-03-16;9.0
2023-03-17;9.0
2023-03-20;9.32
2023-03-21;9.0
2023-03-22;9.0
2023-03-23;9.0
2023-03-24;9.0
2023-03-27;10.9
2023-03-28;11.24
2023-03-29;10.34
2023-03-30;14.86
2023-03-31;11.69
2023-04-03;16.31
2023-04-04;15.82
2023-04-05;14.07
2023-04-06;13.09
2023-04-07;12.39
2023-04-10;17.37
2023-04-11;18.1
2023-04-12;15.49
2023-04-13;17.41
2023-04-14;16.52
2023-04-17;10.44
2023-04-18;12.54
2023-04-19;14.61
2023-04-20;13.98
2023-04-21;12.65
2023-04-24;14.97
2023-04-25;13.47
2023-04-26;16.33
2023-04-27;14.82
2023-04-28;14.67
2023-05-01;15.79
2023-05-02;16.31
2023-05-03;14.6
2023-05-04;15.57
2023-05-05;17.36
2023-05-08;14.9
2023-05-09;16.07
2023-05-10;15.79
2023-05-11;13.55
2023-05-12;14.47
2023-05-15;16.6
2023-05-16;15.28
2023-05-17;9.63
2023-05-18;10.88
2023-05-19;10.29
2023-05-22;12.09
2023-05-23;14.83
2023-05-24;15.55
2023-05-25;17.31
2023-05-26;19.43
2023-05-29;17.95
2023-05-30;16.97
2023-05-31;17.91
2023-06-01;20.93
2023-06-02;17.92
2023-06-05;19.08
2023-06-06;21.81
2023-06-07;21.17
2023-06-08;20.94
2023-06-09;20.67
2023-06-12;20.28
2023-06-13;18.3
2023-06-14;17.92
2023-06-15;16.13
2023-06-16;17.69
2023-06-19;13.72
2023-06-20;15.92
2023-06-21;18.4
2023-06-22;18.77
2023-06-23;22.8
2023-06-26;23.55
2023-06-27;23.96
2023-06-28;34.57
2023-06-29;36.29
2023-06-30;34.25
2023-07-03;35.22
2023-07-04;32.85
2023-07-05;31.29
2023-07-06;27.55
2023-07-07;28.09
2023-07-10;29.68
2023-07-11;28.8
2023-07-12;27.9
2023-07-13;27.74
2023-07-14;31.0
2023-07-17;30.26
2023-07-18;29.77
2023-07-19;35.67
2023-07-20;34.34
2023-07-21;34.48
2023-07-24;34.5
2023-07-25;32.9
2023-07-26;33.28
2023-07-27;29.12
2023-07-28;28.19
2023-07-31;25.56
2023-08-01;26.37
2023-08-02;22.21
2023-08-03;23.72
2023-08-04;17.26
2023-08-07;18.31
2023-08-08;15.79
2023-08-09;14.5
2023-08-10;14.18
2023-08-11;18.34
2023-08-14;15.79
2023-08-15;15.91
2023-08-16;19.1
2023-08-17;19.16
2023-08-18;20.5
2023-08-21;23.06
2023-08-22;21.35
2023-08-23;20.0
2023-08-24;17.33
2023-08-25;20.49
2023-08-28;24.79
2023-08-29;21.24
2023-08-30;21.81
2023-08-31;20.19
2023-09-01;18.78
2023-09-04;20.29
2023-09-05;20.38
2023-09-06;21.55
2023-09-07;25.71
2023-09-08;26.19
2023-09-11;27.41
2023-09-12;29.53
2023-09-13;27.28
2023-09-14;28.7
2023-09-15;26.81
2023-09-18;23.38
2023-09-19;24.19
2023-09-20;21.13
2023-09-21;17.68
2023-09-22;17.92
2023-09-25;17.57
2023-09-26;21.1
2023-09-27;18.18
2023-09-28;19.05
2023-09-29;17.09
2023-10-02;13.41
2023-10-03;9.0
2023-10-04;9.0
2023-10-05;9.0
2023-10-06;9.0
2023-10-09;11.69
2023-10-10;14.93
2023-10-11;9.0
2023-10-12;9.0
2023-10-13;9.0
2023-10-16;9.0
2023-10-17;12.03
2023-10-18;14.96
2023-10-19;15.94
2023-10-20;16.79
2023-10-23;15.64
2023-10-24;10.98
2023-10-25;10.71
2023-10-26;14.18
2023-10-27;12.81
2023-10-30;12.23
2023-10-31;14.51
2023-11-01;13.74
2023-11-02;13.41
2023-11-03;15.7
2023-11-06;11.0
2023-11-07;9.0
2023-11-08;14.17
2023-11-09;16.39
2023-11-10;18.86
2023-11-13;19.58
2023-11-14;20.58
2023-11-15;18.97
2023-11-16;24.28
2023-11-17;23.33
2023-11-20;25.53
2023-11-21;24.04
2023-11-22;22.18
2023-11-23;21.97
2023-11-24;22.55
2023-11-27;35.65
2023-11-28;41.98
2023-11-29;41.61
2023-11-30;39.03
2023-12-01;37.82
2023-12-04;37.36
2023-12-05;36.87
2023-12-06;36.33
2023-12-07;34.6
2023-12-08;34.41
2023-12-11;36.91
2023-12-12;35.84
2023-12-13;35.56
2023-12-14;34.52
2023-12-15;36.86
2023-12-18;35.35
2023-12-19;32.41
2023-12-20;33.46
2023-12-21;32.0
2023-12-22;32.93
2023-12-25;31.11
2023-12-26;27.87
2023-12-27;27.33
2023-12-28;23.52
2023-12-29;24.02
2024-01-01;25.82
2024-01-02;30.18
2024-01-03;28.4
2024-01-04;26.15
2024-01-05;27.78
2024-01-08;29.14
2024-01-09;53.13
2024-01-10;49.42
2024-01-11;49.13
2024-01-12;47.39
2024-01-15;42.66
2024-01-16;40.19
2024-01-17;37.76
2024-01-18;40.96
2024-01-19;37.08
2024-01-22;34.57
2024-01-23;34.78
2024-01-24;34.15
2024-01-25;32.92
2024-01-26;31.71
2024-01-29;33.44
2024-01-30;30.77
2024-01-31;27.56
2024-02-01;22.25
2024-02-02;20.93
2024-02-05;17.65
2024-02-06;16.96
2024-02-07;12.78
2024-02-08;12.3
2024-02-09;13.41
2024-02-12;13.6
2024-02-13;15.45
2024-02-14;18.46
2024-02-15;19.2
2024-02-16;19.16
2024-02-19;20.21
2024-02-20;20.95
2024-02-21;22.89
2024-02-22;22.83
2024-02-23;19.65
2024-02-26;22.31
2024-02-27;18.0
2024-02-28;19.86
2024-02-29;20.82
2024-03-01;21.8
2024-03-04;21.86
2024-03-05;27.53
2024-03-06;25.4
2024-03-07;24.83
2024-03-08;27.63
2024-03-11;28.35
2024-03-12;29.07
2024-03-13;31.73
2024-03-14;34.59
2024-03-15;35.74
2024-03-18;39.91
2024-03-19;40.0
2024-03-20;40.87
2024-03-21;42.27
2024-03-22;44.46
2024-03-25;40.99
2024-03-26;36.72
2024-03-27;32.98
2024-03-28;31.14
2024-03-29;33.12
2024-04-01;40.19
2024-04-02;38.57
2024-04-03;37.36
2024-04-04;33.27
2024-04-05;29.62
2024-04-08;27.87
2024-04-09;25.61
2024-04-10;27.26
2024-04-11;23.67
2024-04-12;20.74
2024-04-15;21.44
2024-04-16;20.79
2024-04-17;19.96
2024-04-18;22.46
2024-04-19;21.62
2024-04-22;21.6
2024-04-23;20.27
2024-04-24;19.98
2024-04-25;22.0
2024-04-26;20.93
2024-04-29;21.32
2024-04-30;20.31
2024-05-01;15.29
2024-05-02;13.73
2024-05-03;12.73
2024-05-06;13.13
2024-05-07;14.93
2024-05-08;14.69
2024-05-09;13.93
2024-05-10;14.86
2024-05-13;15.04
2024-05-14;12.04
2024-05-15;15.97
2024-05-16;15.32
2024-05-17;15.48
2024-05-20;12.01
2024-05-21;15.07
2024-05-22;14.15
2024-05-23;18.28
2024-05-24;18.18
2024-05-27;19.56
2024-05-28;18.62
2024-05-29;15.6
2024-05-30;16.75
2024-05-31;17.81
2024-06-03;12.46
2024-06-04;9.53
2024-06-05;12.66
2024-06-06;11.87
2024-06-07;13.89
2024-06-10;19.35
2024-06-11;20.44
2024-06-12;20.26
2024-06-13;18.43
2024-06-14;19.14
2024-06-17;20.09
2024-06-18;20.19
2024-06-19;21.9
2024-06-20;18.92
2024-06-21;19.12
2024-06-24;19.02
2024-06-25;17.59
2024-06-26;18.56
2024-06-27;15.53
2024-06-28;13.79
2024-07-01;21.16
2024-07-02;20.19
2024-07-03;19.63
2024-07-04;20.63
2024-07-05;21.85
2024-07-08;19.72
2024-07-09;23.55
2024-07-10;24.2
2024-07-11;28.66
2024-07-12;31.47
2024-07-15;29.47
2024-07-16;25.89
2024-07-17;21.94
2024-07-18;16.62
2024-07-19;17.27
2024-07-22;15.79
2024-07-23;17.41
2024-07-24;16.05
2024-07-25;14.18
2024-07-26;15.72
2024-07-29;21.36
2024-07-30;24.46
2024-07-31;25.53
2024-08-01;28.13
2024-08-02;28.73
2024-08-05;22.84
2024-08-06;24.46
2024-08-07;25.44
2024-08-08;27.45
2024-08-09;25.45
2024-08-12;27.88
2024-08-13;24.57
2024-08-14;24.63
2024-08-15;24.29
2024-08-16;17.89
2024-08-19;16.64
2024-08-20;17.97
2024-08-21;16.77
2024-08-22;20.47
2024-08-23;20.93
2024-08-26;20.17
2024-08-27;22.88
2024-08-28;21.64
2024-08-29;18.83
2024-08-30;20.25
2024-09-02;17.09
2024-09-03;15.98
2024-09-04;16.21
2024-09-05;15.66
2024-09-06;23.57
2024-09-09;24.43
2024-09-10;23.86
2024-09-11;22.11
2024-09-12;22.81
2024-09-13;17.88
2024-09-16;20.82
2024-09-17;16.81
2024-09-18;17.71
2024-09-19;17.34
2024-09-20;19.37
2024-09-23;19.46
2024-09-24;20.61
2024-09-25;25.46
2024-09-26;27.17
2024-09-27;26.05
2024-09-30;23.32
2024-10-01;22.68
2024-10-02;20.15
2024-10-03;20.42
2024-10-04;20.69
2024-10-07;17.1
2024-10-08;17.46
2024-10-09;21.45
2024-10-10;21.5
2024-10-11;20.41
2024-10-14;22.16
2024-10-15;21.62
2024-10-16;21.31
2024-10-17;23.96
2024-10-18;21.52
2024-10-21;23.67
2024-10-22;19.82
2024-10-23;25.07
2024-10-24;22.63
2024-10-25;22.67
2024-10-28;25.92
2024-10-29;22.01
2024-10-30;20.61
2024-10-31;22.59
2024-11-01;18.04
2024-11-04;19.32
2024-11-05;20.15
2024-11-06;10.73
2024-11-07;9.0
2024-11-08;9.0
2024-11-11;22.02
2024-11-12;22.59
2024-11-13;19.96
2024-11-14;19.22
2024-11-15;22.19
2024-11-18;23.33
2024-11-19;22.37
2024-11-20;25.5
2024-11-21;28.91
2024-11-22;27.27
2024-11-25;25.3
2024-11-26;21.93
2024-11-27;23.32
2024-11-28;24.7
2024-11-29;20.29
2024-12-02;24.12
2024-12-03;21.99
2024-12-04;23.42
2024-12-05;28.23
2024-12-06;27.91
2024-12-09;28.95
2024-12-10;24.3
2024-12-11;21.94
2024-12-12;26.18
2024-12-13;24.95
2024-12-16;21.43
2024-12-17;22.65
2024-12-18;25.89
2024-12-19;24.32
2024-12-20;25.4
2024-12-23;27.45
2024-12-24;26.57
2024-12-25;25.37
2024-12-26;29.96
2024-12-27;46.95
2024-12-30;45.91
2024-12-31;46.25
2025-01-01;42.65
2025-01-02;40.19
2025-01-03;39.17
2025-01-06;42.36
2025-01-07;41.98
2025-01-08;41.55
2025-01-09;39.51
2025-01-10;42.8
2025-01-13;41.87
2025-01-14;43.26
2025-01-15;49.74
2025-01-16;45.56
2025-01-17;43.96
2025-01-20;49.97
2025-01-21;48.75
2025-01-22;46.26
2025-01-23;47.54
2025-01-24;45.35
2025-01-27;43.43
2025-01-28;37.9
2025-01-29;31.65
2025-01-30;32.06
2025-01-31;30.18
2025-02-03;31.14
2025-02-04;31.39
2025-02-05;30.97
2025-02-06;24.28
2025-02-07;23.43
2025-02-10;21.12
2025-02-11;18.74
2025-02-12;14.43
2025-02-13;11.01
2025-02-14;11.35
2025-02-17;15.93
2025-02-18;21.62
2025-02-19;19.33
2025-02-20;21.53
2025-02-21;24.76
2025-02-24;22.89
2025-02-25;24.5
2025-02-26;27.12
2025-02-27;23.03
2025-02-28;23.98
2025-03-03;21.12
2025-03-04;22.28
2025-03-05;22.13
2025-03-06;17.82
2025-03-07;16.12
2025-03-10;14.22
2025-03-11;17.23
2025-03-12;17.11
2025-03-13;14.96
2025-03-14;16.71
2025-03-17;16.12
2025-03-18;16.79
2025-03-19;16.49
2025-03-20;22.03
2025-03-21;22.38
2025-03-24;24.08
2025-03-25;26.59
2025-03-26;26.02
2025-03-27;29.09
2025-03-28;30.83
2025-03-31;25.2
2025-04-01;23.0
2025-04-02;22.66
2025-04-03;22.61
2025-04-04;20.91
2025-04-07;21.89
2025-04-08;20.96
2025-04-09;20.79
2025-04-10;19.82
2025-04-11;19.21
2025-04-14;16.72
2025-04-15;17.68
2025-04-16;19.16
2025-04-17;15.85
2025-04-18;14.54
2025-04-21;14.86
2025-04-22;19.13
2025-04-23;16.61
2025-04-24;15.93
2025-04-25;14.88
2025-04-28;15.79
2025-04-29;13.4
2025-04-30;12.07
2025-05-01;17.75
2025-05-02;13.01
2025-05-05;13.12
2025-05-06;13.36
2025-05-07;12.52
2025-05-08;15.57
2025-05-09;16.21
2025-05-12;20.7
2025-05-13;16.42
2025-05-14;33.03
2025-05-15;32.98
2025-05-16;34.09
2025-05-19;34.13
2025-05-20;32.16
2025-05-21;31.71
2025-05-22;29.57
2025-05-23;26.99
2025-05-26;25.62
2025-05-27;27.58
2025-05-28;26.23
2025-05-29;26.55
2025-05-30;28.18
2025-06-02;26.31
2025-06-03;24.37
2025-06-04;28.27
2025-06-05;30.3
2025-06-06;31.73
2025-06-09;33.09
2025-06-10;33.56
2025-06-11;37.9
2025-06-12;37.09
2025-06-13;34.15
2025-06-16;30.41
2025-06-17;28.86
2025-06-18;20.91
2025-06-19;24.3
2025-06-20;25.05
2025-06-23;22.69
2025-06-24;25.2
2025-06-25;21.91
2025-06-26;19.31
2025-06-27;19.52
2025-06-30;23.37
2025-07-01;24.14
2025-07-02;17.14
2025-07-03;14.85
2025-07-04;13.05
2025-07-07;13.88
2025-07-08;10.63
2025-07-09;9.0
2025-07-10;9.0
2025-07-11;11.13
2025-07-14;13.35
2025-07-15;13.85
2025-07-16;16.36
2025-07-17;22.88
2025-07-18;26.99
2025-07-21;25.31
2025-07-22;21.39
2025-07-23;20.28
2025-07-24;17.88
2025-07-25;19.09
2025-07-28;16.15
2025-07-29;16.07
2025-07-30;13.87
2025-07-31;13.34
2025-08-01;13.54
2025-08-04;15.36
2025-08-05;15.48
2025-08-06;14.16
2025-08-07;16.39
2025-08-08;16.59
2025-08-11;15.44
2025-08-12;17.23
2025-08-13;17.88
2025-08-14;19.33
2025-08-15;22.23
2025-08-18;19.27
2025-08-19;25.41
2025-08-20;26.19
2025-08-21;22.92
2025-08-22;26.01
2025-08-25;23.9
2025-08-26;28.02
2025-08-27;24.92
2025-08-28;24.4
2025-08-29;26.18
2025-09-01;27.49
2025-09-02;27.91
2025-09-03;30.03
2025-09-04;28.35
2025-09-05;30.61
2025-09-08;28.41
2025-09-09;24.53
2025-09-10;28.27
2025-09-11;26.39
2025-09-12;22.73
2025-09-15;24.25
2025-09-16;24.42
2025-09-17;25.04
2025-09-18;23.92
2025-09-19;24.94
2025-09-22;28.37
2025-09-23;28.66
2025-09-24;24.45
2025-09-25;24.17
2025-09-26;25.04
2025-09-29;28.95
2025-09-30;30.3
2025-10-01;27.74
2025-10-02;27.18
2025-10-03;28.77
2025-10-06;29.61
2025-10-07;30.58
2025-10-08;26.75
2025-10-09;28.04
2025-10-10;28.18
2025-10-13;29.52
2025-10-14;29.42
2025-10-15;48.59
2025-10-16;49.92
2025-10-17;52.14
2025-10-20;53.1
2025-10-21;53.85
2025-10-22;53.24
2025-10-23;52.09
2025-10-24;50.05
2025-10-27;45.53
2025-10-28;45.96
2025-10-29;43.28
2025-10-30;44.22
2025-10-31;38.19
2025-11-03;34.68
2025-11-04;36.42
2025-11-05;39.33
2025-11-06;40.45
2025-11-07;37.15
2025-11-10;38.99
2025-11-11;35.93
2025-11-12;37.86
2025-11-13;34.18
2025-11-14;32.37
2025-11-17;25.49
2025-11-18;22.6
2025-11-19;24.15
2025-11-20;28.93
2025-11-21;31.4
2025-11-24;32.81
2025-11-25;28.41
2025-11-26;26.92
2025-11-27;30.82
2025-11-28;30.38
2025-12-01;26.77
2025-12-02;25.35
2025-12-03;19.86
2025-12-04;22.14
2025-12-05;17.12
2025-12-08;13.73
2025-12-09;14.03
2025-12-10;11.16
2025-12-11;12.03
2025-12-12;14.54
2025-12-15;13.45
2025-12-16;17.17
2025-12-17;19.13
2025-12-18;20.51
2025-12-19;23.78
2025-12-22;24.07
2025-12-23;22.95
2025-12-24;23.79
2025-12-25;20.56
2025-12-26;22.92
2025-12-29;25.15
2025-12-30;24.31
2025-12-31;22.56
2026-01-01;22.98
2026-01-02;19.44
2026-01-05;18.5
2026-01-06;21.72
2026-01-07;19.05
2026-01-08;22.62
2026-01-09;23.61
2026-01-12;24.88
2026-01-13;23.14
2026-01-14;20.74
2026-01-15;20.0
2026-01-16;24.36
2026-01-19;22.51
2026-01-20;51.54
2026-01-21;52.45
2026-01-22;49.82
2026-01-23;49.93
2026-01-26;50.71
2026-01-27;49.78
2026-01-28;46.6
2026-01-29;46.38
2026-01-30;44.37
2026-02-02;49.05
2026-02-03;49.71
2026-02-04;50.24
2026-02-05;51.64
2026-02-06;45.17
2026-02-09;43.66
2026-02-10;45.23
2026-02-11;42.57
2026-02-12;37.65
2026-02-13;37.11
2026-02-16;34.01
2026-02-17;31.36
2026-02-18;30.36
2026-02-19;26.85
2026-02-20;25.94
2026-02-23;26.29
2026-02-24;31.09
2026-02-25;29.33
2026-02-26;28.49
2026-02-27;29.56
2026-03-02;28.23
2026-03-03;26.26
2026-03-04;28.74
2026-03-05;32.28
2026-03-06;30.78
2026-03-09;28.63
2026-03-10;26.22
2026-03-11;27.5
2026-03-12;30.33
2026-03-13;30.81
2026-03-16;31.94
2026-03-17;33.93
2026-03-18;37.29
2026-03-19;37.51
2026-03-20;35.64
2026-03-23;36.71
2026-03-24;38.77
2026-03-25;37.2
2026-03-26;31.36
2026-03-27;29.74
2026-03-30;26.23
2026-03-31;19.82
2026-04-01;18.89
2026-04-02;18.74
2026-04-03;20.05
2026-04-06;21.7
2026-04-07;20.82
2026-04-08;22.19
2026-04-09;23.28
2026-04-10;24.27
2026-04-13;22.21
2026-04-14;23.99
2026-04-15;24.29
2026-04-16;23.94
2026-04-17;22.1
2026-04-20;21.14
2026-04-21;23.37
2026-04-22;24.59
2026-04-23;22.95
2026-04-24;23.15
2026-04-27;24.27
2026-04-28;22.8
2026-04-29;24.51
2026-04-30;20.04
2026-05-01;21.86
2026-05-04;23.42
2026-05-05;23.96
2026-05-06;23.25
2026-05-07;20.95
2026-05-08;21.03
2026-05-11;22.09
2026-05-12;23.9
2026-05-13;21.97
2026-05-14;20.94
2026-05-15;20.05
2026-05-18;16.5
2026-05-19;19.73
2026-05-20;25.22
2026-05-21;28.27
2026-05-22;25.9
2026-05-25;30.04
2026-05-26;29.1
2026-05-27;30.51
2026-05-28;31.68
2026-05-29;25.39
2026-06-01;25.36
2026-06-02;22.97
2026-06-03;18.13
2026-06-04;18.8
2026-06-05;20.35
2026-06-08;18.96
2026-06-09;19.42
2026-06-10;22.63
2026-06-11;22.05
2026-06-12;18.87
2026-06-15;21.06
2026-06-16;20.18
2026-06-17;18.63
2026-06-18;18.07
2026-06-19;17.46
2026-06-22;13.54
2026-06-23;14.66
2026-06-24;15.67
2026-06-25;15.33
2026-06-26;16.12
2026-06-29;17.97
2026-06-30;18.78
2026-07-01;17.2
2026-07-02;15.18
2026-07-03;20.3
2026-07-06;21.06
2026-07-07;20.71
2026-07-08;22.02
2026-07-09;20.57
2026-07-10;22.7
2026-07-13;21.77
2026-07-14;17.17
2026-07-15;17.17
2026-07-16;14.87
2026-07-17;14.7
2026-07-20;14.21
2026-07-21;15.53
2026-07-22;19.55
2026-07-23;21.46
2026-07-24;22.16
2026-07-27;22.41
2026-07-28;23.15
2026-07-29;26.4
2026-07-30;27.39
2026-07-31;22.55
2026-08-03;20.1
2026-08-04;22.71
2026-08-05;23.28
2026-08-06;26.48
2026-08-07;27.88
2026-08-10;27.77
2026-08-11;27.62
2026-08-12;25.86
2026-08-13;25.08
2026-08-14;21.91
2026-08-17;19.89
2026-08-18;17.42
2026-08-19;17.51
2026-08-20;16.51
2026-08-21;12.84
2026-08-24;14.55
2026-08-25;13.92
2026-08-26;16.29
2026-08-27;17.67
2026-08-28;23.03
2026-08-31;22.86
2026-09-01;21.38
2026-09-02;19.35
2026-09-03;20.99
2026-09-04;22.8
2026-09-07;22.69
2026-09-08;23.2
2026-09-09;25.74
2026-09-10;27.18
2026-09-11;27.61
